-- phpMyAdmin SQL Dump
-- version 5.2.1
-- https://www.phpmyadmin.net/
--
-- Servidor: 127.0.0.1
-- Tiempo de generación: 04-10-2023 a las 23:43:30
-- Versión del servidor: 10.4.28-MariaDB
-- Versión de PHP: 8.2.4

SET SQL_MODE = "NO_AUTO_VALUE_ON_ZERO";
START TRANSACTION;
SET time_zone = "+00:00";


/*!40101 SET @OLD_CHARACTER_SET_CLIENT=@@CHARACTER_SET_CLIENT */;
/*!40101 SET @OLD_CHARACTER_SET_RESULTS=@@CHARACTER_SET_RESULTS */;
/*!40101 SET @OLD_COLLATION_CONNECTION=@@COLLATION_CONNECTION */;
/*!40101 SET NAMES utf8mb4 */;

--
-- Base de datos: `inventario`
--

-- --------------------------------------------------------

--
-- Estructura de tabla para la tabla `categorias`
--

CREATE TABLE `categorias` (
  `id` int(11) NOT NULL,
  `categoria` varchar(150) NOT NULL,
  `fecha` timestamp NOT NULL DEFAULT current_timestamp() ON UPDATE current_timestamp()
) ENGINE=InnoDB DEFAULT CHARSET=utf8mb4 COLLATE=utf8mb4_general_ci;

--
-- Volcado de datos para la tabla `categorias`
--

INSERT INTO `categorias` (`id`, `categoria`, `fecha`) VALUES
(2, 'ESTRUCTURA', '2023-08-09 14:41:45'),
(3, 'BOBINAS', '2023-08-09 14:41:47'),
(4, 'PERFILERIA', '2023-08-09 14:50:47'),
(54, 'CHAPAS ESTRUCTURA', '2023-08-25 16:27:33'),
(55, 'FLEJES', '2023-09-08 16:02:41'),
(56, 'FERRETERIA', '2023-09-28 01:39:21'),
(57, 'PAÑOL', '2023-09-28 01:39:29');

-- --------------------------------------------------------

--
-- Estructura de tabla para la tabla `clientes`
--

CREATE TABLE `clientes` (
  `id` int(11) NOT NULL,
  `nombre` varchar(50) NOT NULL,
  `apellido` varchar(50) NOT NULL,
  `telefono` varchar(50) NOT NULL,
  `correo` varchar(50) NOT NULL,
  `direccion` varchar(150) NOT NULL,
  `cuit` varchar(50) NOT NULL,
  `fecha` timestamp NOT NULL DEFAULT current_timestamp() ON UPDATE current_timestamp()
) ENGINE=InnoDB DEFAULT CHARSET=utf8mb4 COLLATE=utf8mb4_general_ci;

--
-- Volcado de datos para la tabla `clientes`
--

INSERT INTO `clientes` (`id`, `nombre`, `apellido`, `telefono`, `correo`, `direccion`, `cuit`, `fecha`) VALUES
(1, 'CONSUMIDOR FINAL', 'CONSUMIDOR FINAL', '3511234567', 'consumidor@final.com', 'SIN DOMICILIO', '99-12345678-9', '2023-09-28 17:02:12'),
(38, 'GUSTAVO VEGA', 'ESTRUCTURAS VEGA', '357212345678', 'GUSTAVO@VEGA.COM', 'RUTA 13 KM 5', '20-35356556-8', '2023-08-07 17:07:18'),
(42, 'GARCIA POSSI EDUARDO JAVIER', 'GRUPO ARES S.A.', '', '', 'AV. PATRIA 484', '30-70831279-3', '2023-08-14 15:00:01'),
(44, 'ALUWIND', '', '', '', '', '', '2023-09-11 12:56:40'),
(45, 'ANODAL', '', '', '', '', '', '2023-09-11 12:56:47'),
(46, 'GERARDO', 'RE', '', '', '', '', '2023-09-11 12:58:05'),
(53, 'ALONSO', 'POLO 52', '', '', '', '', '2023-09-12 09:52:54'),
(54, 'CESAR ', 'VALIENTE', '', '', 'PILAR', '', '2023-09-05 16:39:51'),
(55, 'DAVID', 'VIDELA', '', '', 'PILAR', '', '2023-09-05 17:10:30'),
(56, 'DIEGO', 'RAMIREZ 2', '', '', 'VILLA MARIA', '', '2023-09-06 13:12:47'),
(57, 'ESCUELA', 'ROMA', '', '', 'CORDOBA', '', '2023-09-11 12:57:20'),
(58, 'POLO 52 PLEGADOS X KGS', 'POLO 52', '', '', '', '', '2023-09-20 11:10:18'),
(59, 'POLO 52 ESTRUCTURA X KG', 'POLO 52', '', '', '', '', '2023-09-20 11:10:32'),
(60, 'MANZANA 50 L22', 'POLO 52', '', '', '', '', '2023-09-08 13:04:11'),
(61, 'INGAP S.A', '', '', '', '', '', '2023-09-11 12:58:20'),
(62, 'ASIS', '', '', '', '', '', '2023-09-11 12:56:56'),
(63, 'POLO 52', 'POLO 52', '35152525252', '', '', '', '2023-09-11 10:59:11'),
(64, 'EX CASA PEREZ', '', '', '', '', '', '2023-09-11 12:56:22'),
(65, 'CARLOS MANUEL', 'GARCIA (CARPAT)', '', '', 'Autopista CBA-ROSARIO km 695', '33707456839', '2023-09-29 16:45:16'),
(66, 'MANZANA 50 L4', 'POLO 52', '35152525252', '', '', '', '2023-09-11 12:17:53'),
(67, 'RIGAR 2', '', '', '', '', '', '2023-09-11 12:58:39'),
(68, 'VINUESA', 'VINUESA', '', '', '', '', '2023-09-11 18:21:02'),
(69, 'JUAN', 'PERALTA', '', '', '', '', '2023-09-12 13:24:57'),
(70, 'MARCOS', 'TABARES', '', '', '', '', '2023-09-12 14:13:52'),
(71, 'METAL CE', 'METAL CE', '', '', '', '', '2023-09-13 10:11:31'),
(72, 'JOSE MIGUEL', 'PELASSA', '', 'HERNANDO', 'INTENDENTE MERLO 38', '', '2023-09-13 12:22:19'),
(73, 'EDUARDO', 'VIADA', '', '', '', '', '2023-09-13 12:26:02'),
(74, 'POLICIA', 'POLICIA', '', '', '', '', '2023-09-13 13:17:14'),
(75, 'MOTORES PESADOS', ' ', '', '', '', '', '2023-09-13 13:39:18'),
(76, 'RUBEN', 'VEGA', '', '', 'RUTA 9 FERRETERIA', '', '2023-09-13 14:07:22'),
(77, 'CARLOS', 'ZALAZAR', '', '', '', '', '2023-09-14 12:16:24'),
(79, 'TOYOTA', 'POLO 52', '', '', '', '', '2023-09-14 18:51:10'),
(80, 'RIGAR', 'RIGAR', '', '', '', '', '2023-09-15 13:57:45'),
(81, 'MANZANA 50 L21', 'POLO 52', '', '', '', '', '2023-09-15 14:37:22'),
(82, 'JUAN', 'NICOLA', '', '', '', '', '2023-09-18 13:01:56'),
(83, 'MARTIN', 'NICOLA', '', '', '', '', '2023-09-20 10:05:23'),
(84, 'ADICIONAL', 'POLO 52', '', '', '', '', '2023-09-20 13:30:14'),
(85, 'LOCALES', 'POLO 52', '', '', '', '', '2023-09-20 17:06:52'),
(86, 'DIEGO', 'RAMIREZ 1', '', '', 'VILLA MARIA', '', '2023-09-21 10:06:34'),
(87, 'FABRICA', 'FABRICA', '', '', '', '', '2023-09-21 13:14:40'),
(88, 'MANZANA 50 L3', 'POLO 52', '35152525252', '', '', '', '2023-09-22 13:22:22'),
(89, 'GABRIELA', 'EVENTOS', '', '', '', '', '2023-09-22 17:21:09'),
(91, 'CHANQUIA', ' ', '', '', '', '', '2023-09-25 12:00:57'),
(92, 'CARPAL', 'S.A.', '', '', '', '', '2023-09-25 12:17:33'),
(93, 'LOCALES COMERCIALES', 'POLO 52', '', '', '', '', '2023-09-25 14:59:03'),
(95, 'AM CORDOBA S.A.', ' ', '', '', '', '', '2023-09-25 15:34:25'),
(96, 'GASTON', 'COLOMER', '', '', '', '', '2023-09-26 18:56:34'),
(98, 'ECONOVO', 'ECONOVO', '', '', 'ONCATIVO', '', '2023-09-28 18:08:19'),
(99, 'JUAN CARLOS', 'CONCI', '', '', 'RUTA 74 COLONIA TIROLESA', '1052239', '2023-10-03 12:04:33'),
(100, 'LUCONI', 'RIO TERCERO', '', '', 'RIO TERCERO', '', '2023-10-03 16:00:21'),
(101, 'CRISTIAN', 'VEGA', '', '', 'RUTA 13 KM 5', '', '2023-10-04 16:27:44');

-- --------------------------------------------------------

--
-- Estructura de tabla para la tabla `codbarra`
--

CREATE TABLE `codbarra` (
  `id` int(11) NOT NULL,
  `id_producto` int(11) NOT NULL,
  `codigo` varchar(250) NOT NULL
) ENGINE=InnoDB DEFAULT CHARSET=utf8mb4 COLLATE=utf8mb4_general_ci;

--
-- Volcado de datos para la tabla `codbarra`
--

INSERT INTO `codbarra` (`id`, `id_producto`, `codigo`) VALUES
(22, 365, '1112233'),
(23, 366, '1112232');

-- --------------------------------------------------------

--
-- Estructura de tabla para la tabla `compras_mp`
--

CREATE TABLE `compras_mp` (
  `cmp_id` int(11) NOT NULL,
  `mp_id` int(11) NOT NULL,
  `cmp_fecha` date NOT NULL DEFAULT current_timestamp(),
  `cmp_proveedor` text NOT NULL,
  `cmp_cantidad` int(11) NOT NULL,
  `cmp_kg` decimal(10,2) NOT NULL,
  `cmp_estado` varchar(1) NOT NULL
) ENGINE=InnoDB DEFAULT CHARSET=utf8 COLLATE=utf8_spanish2_ci;

-- --------------------------------------------------------

--
-- Estructura de tabla para la tabla `detalle_obra`
--

CREATE TABLE `detalle_obra` (
  `id` int(10) NOT NULL,
  `id_producto` int(10) NOT NULL,
  `seccion` varchar(150) NOT NULL,
  `cantidad` int(10) NOT NULL,
  `metros` int(10) NOT NULL,
  `unidad` varchar(50) NOT NULL,
  `peso` int(100) NOT NULL
) ENGINE=InnoDB DEFAULT CHARSET=utf8mb4 COLLATE=utf8mb4_general_ci;

--
-- Volcado de datos para la tabla `detalle_obra`
--

INSERT INTO `detalle_obra` (`id`, `id_producto`, `seccion`, `cantidad`, `metros`, `unidad`, `peso`) VALUES
(1, 365, '250 X 4.8 X 150 X 6.4', 1, 1, 'KG', 900),
(2, 365, '250 X 4.8 X 150 X 6.4', 1, 1, 'KG', 900),
(3, 372, '300 X 4.8 X 150 X 6.4', 1, 5, 'MTS', 0),
(4, 372, '300 X 4.8 X 150 X 6.4', 1, 5, 'MTS', 0),
(5, 0, '', 0, 0, '', 0),
(6, 372, '250 X 4.8 X 150 X 6.4', 2, 6, 'MTS', 0);

-- --------------------------------------------------------

--
-- Estructura de tabla para la tabla `entregas`
--

CREATE TABLE `entregas` (
  `id` int(10) NOT NULL,
  `descripcion` varchar(50) NOT NULL,
  `id_producto` int(50) NOT NULL,
  `cantidad` int(50) NOT NULL
) ENGINE=InnoDB DEFAULT CHARSET=utf8 COLLATE=utf8_spanish2_ci;

-- --------------------------------------------------------

--
-- Estructura de tabla para la tabla `equivalencias`
--

CREATE TABLE `equivalencias` (
  `id` int(11) NOT NULL,
  `e1` decimal(10,2) DEFAULT NULL,
  `e2` decimal(10,2) DEFAULT NULL,
  `b` decimal(10,2) DEFAULT NULL,
  `h1` decimal(10,2) DEFAULT NULL,
  `h2` decimal(10,2) DEFAULT NULL,
  `peso` decimal(10,2) DEFAULT NULL,
  `id_categoria` int(10) NOT NULL,
  `seccion` varchar(150) NOT NULL
) ENGINE=InnoDB DEFAULT CHARSET=utf8mb4 COLLATE=utf8mb4_general_ci;

--
-- Volcado de datos para la tabla `equivalencias`
--

INSERT INTO `equivalencias` (`id`, `e1`, `e2`, `b`, `h1`, `h2`, `peso`, `id_categoria`, `seccion`) VALUES
(29, 4.80, 6.40, 150.00, 500.00, 488.00, 33.63, 2, '500 X 4.8 X 150 X 6.4'),
(31, 2.00, 0.00, 0.00, 120.00, 50.00, 3.79, 4, '120 X 50 X 2'),
(32, 2.00, 0.00, 0.00, 140.00, 60.00, 4.74, 4, '140 X 60 X 2'),
(33, 2.00, 0.00, 0.00, 160.00, 60.00, 4.72, 4, '160 X 60 X 2'),
(36, 4.80, 6.40, 150.00, 200.00, 188.00, 18.54, 2, '200 X 4.8 X 150 X 6.4'),
(37, 4.80, 6.40, 200.00, 350.00, 338.00, 26.45, 2, '350 X 4.8 X 200 X 6.4'),
(38, 4.80, 6.40, 150.00, 400.00, 200.00, 1.00, 2, 'VARIABLE'),
(39, 6.40, 6.40, 185.00, 510.00, 498.00, 47.50, 2, '500 X 6,4 X 185 X 6.4'),
(40, 4.80, 6.40, 148.00, 262.00, 248.00, 24.52, 2, '262 X 4.8 X 148 X 6.4'),
(41, 4.80, 6.40, 165.00, 510.00, 498.00, 35.75, 2, 'VIGA PRINCIPAL (H:500) X 165'),
(42, 4.80, 4.80, 148.00, 157.00, 148.00, 16.87, 2, 'VIGA DE COMPRESION (H:148) X 148'),
(43, 4.80, 6.40, 148.00, 384.00, 375.00, 29.25, 2, 'VIGA GUIA PORTON (375 X 4.8 X148 X 6.4)'),
(44, 2.50, 0.00, 0.00, 140.00, 6.50, 9.00, 4, 'PALOTES (140)'),
(45, 0.00, 0.00, 0.00, 0.00, 0.00, 5.00, 1, 'CHAPAS'),
(46, 0.00, 0.00, 0.00, 0.00, 0.00, 23.40, 4, 'PALOTE CENEFA LATERAL ( 2MTS ALTO )'),
(47, 0.00, 0.00, 0.00, 0.00, 0.00, 23.40, 4, 'PALOTE CENEFA FRENTE Y FONDO ( 2MTS ALTO )'),
(48, 0.00, 0.00, 0.00, 0.00, 0.00, 4.50, 4, 'CORREAS FONDO ( 140 )'),
(49, 0.00, 0.00, 0.00, 0.00, 0.00, 4.50, 4, 'CORREAS FRENTE ( 140 )'),
(50, 0.00, 0.00, 0.00, 0.00, 0.00, 4.50, 4, 'CORREAS LATERALES ( 140 )'),
(51, 0.00, 0.00, 0.00, 0.00, 0.00, 1.00, 54, 'POR PESO EN KGS'),
(53, 4.80, 0.00, 8.00, 0.00, 0.00, 450.00, 54, 'CHAPA 4.8 x 8mts'),
(54, 4.80, 0.00, 10.00, 0.00, 0.00, 565.00, 54, 'CHAPA 4.8 x 10mts'),
(55, 4.80, 0.00, 12.00, 0.00, 0.00, 675.00, 54, 'CHAPA 4.8 x 12mts'),
(56, 6.40, 0.00, 8.00, 0.00, 0.00, 602.00, 54, 'CHAPA 6.4 x 8mts'),
(57, 6.40, 0.00, 10.00, 0.00, 0.00, 758.00, 54, 'CHAPA 6.4 x 10mts'),
(58, 6.40, 0.00, 12.00, 0.00, 0.00, 898.00, 54, 'CHAPA 6.4 x 12mts'),
(59, 7.90, 0.00, 12.00, 0.00, 0.00, 1142.00, 54, 'CHAPA 7.9 x 12mts'),
(60, 12.50, 0.00, 6.00, 0.00, 0.00, 886.00, 54, 'CHAPA 12.5 x 6mts'),
(61, 10.00, 0.00, 12.00, 0.00, 0.00, 1336.00, 54, 'CHAPA 10 x 12mts'),
(62, 3.20, 0.00, 3.00, 0.00, 0.00, 112.50, 54, 'CHAPA 3.2 x 3mts'),
(63, 0.00, 0.00, 0.00, 0.00, 0.00, 4.92, 4, 'ACANALADA'),
(64, 0.00, 0.00, 0.00, 0.00, 0.00, 1.23, 4, 'ACANALADA PLASTICA'),
(65, 0.00, 0.00, 0.00, 0.00, 0.00, 1.00, 2, 'SIN EQUIVALENCIA'),
(67, 2.00, 0.00, 0.00, 100.00, 50.00, 3.55, 4, '100 X 50 X 2'),
(68, 0.00, 0.00, 0.00, 0.00, 0.00, 30.70, 2, 'COLUMNAS Y VIGAS ENTREPISO'),
(69, 0.40, 0.00, 0.00, 100.00, 50.00, 1.34, 4, 'PERFIL U'),
(70, 0.50, 0.00, 0.00, 100.00, 50.00, 1.56, 4, '100 X 50 X 0.5'),
(71, 0.00, 0.00, 0.00, 0.00, 0.00, 1.00, 4, 'BORREGO LOTE 3'),
(72, 0.00, 0.00, 0.00, 0.00, 0.00, 1.00, 4, 'DIQUESITO'),
(73, 0.00, 0.00, 0.00, 0.00, 0.00, 1.00, 4, 'BORREGO LOTE 1'),
(74, 0.00, 0.00, 0.00, 0.00, 0.00, 1.00, 4, 'BORREGO LOTE 2'),
(75, 0.00, 0.00, 0.00, 0.00, 0.00, 1.00, 4, 'BORREGO LOTE 1 NAVE 3'),
(76, 0.00, 0.00, 0.00, 0.00, 0.00, 1.00, 4, 'CEDICOR'),
(77, 0.00, 0.00, 0.00, 0.00, 0.00, 1.00, 4, 'NAVE LOCALES'),
(78, 0.00, 0.00, 0.00, 0.00, 0.00, 1.00, 4, 'ANTUÑA'),
(79, 0.00, 0.00, 0.00, 0.00, 0.00, 1.00, 2, 'BORREGO MANZANA K LOTE 50'),
(80, 0.00, 0.00, 0.00, 0.00, 0.00, 1.00, 2, 'BEN 4000'),
(81, 0.00, 0.00, 0.00, 0.00, 0.00, 1.00, 2, 'MANZANA 50 LOTE 22'),
(82, 2.00, 0.00, 0.00, 80.00, 40.00, 2.81, 4, '80 X 40 X 15 X 2'),
(83, 4.80, 6.40, 135.00, 500.00, 0.00, 32.33, 2, '500 X 4.8 X 135 X 6.4'),
(84, 4.80, 6.40, 135.00, 250.00, 0.00, 22.90, 2, '250 X 4.8 X 135 X 6.4'),
(85, 4.80, 6.40, 250.00, 500.00, 0.00, 45.00, 2, '500 X 4.8 X 250 X 6.4'),
(86, 4.80, 6.40, 148.00, 250.00, 0.00, 24.21, 2, '250 X 4.8 X 148 X 6.4'),
(87, 4.80, 6.40, 123.00, 148.00, 0.00, 17.93, 2, '148 X 4.8 X 123 X 6.4'),
(88, 4.80, 6.40, 148.00, 148.00, 0.00, 16.73, 2, '148 X 4.8 X 148 X 6.4'),
(89, 4.80, 6.40, 148.00, 375.00, 0.00, 28.15, 2, '375 X 4.8 X 148 X 6.4'),
(90, 4.80, 4.80, 123.00, 148.00, 0.00, 14.85, 2, '148 X 4.8 X 123 X 4.8'),
(91, 0.00, 0.00, 0.00, 0.00, 0.00, 4.63, 4, 'TRAPEZOIDAL'),
(92, 0.00, 0.00, 0.00, 0.00, 0.00, 5.00, 2, 'CINCALUM'),
(93, 0.00, 0.00, 0.00, 0.00, 0.00, 4.20, 2, 'PREPINTADA'),
(94, 0.00, 0.00, 0.00, 0.00, 0.00, 5.00, 2, 'FRENTE + CENEFA'),
(95, 0.00, 0.00, 0.00, 0.00, 0.00, 1.00, 2, 'N/A'),
(96, 0.00, 0.00, 0.00, 0.00, 0.00, 9.00, 2, 'ESTRUCTURA CENEFA'),
(97, 0.00, 0.00, 0.00, 0.00, 0.00, 20.40, 2, 'VIGA DE ALERO VARIABLE'),
(99, 0.00, 0.00, 0.00, 0.00, 0.00, 9.00, 2, 'ALEROS (PALOTES)'),
(100, 0.00, 0.00, 0.00, 0.00, 0.00, 5.00, 2, 'CENEFA'),
(101, 0.00, 0.00, 0.00, 0.00, 0.00, 4.82, 2, 'NAVE'),
(102, 0.00, 0.00, 0.00, 0.00, 0.00, 4.82, 2, 'ALEROS (CANALETAS)'),
(103, 0.00, 0.00, 0.00, 0.00, 0.00, 0.87, 2, 'TENS. CUBIERTA (H 12mm)'),
(104, 0.00, 0.00, 0.00, 0.00, 0.00, 0.87, 2, 'TENS. LATERAL (H 12mm)'),
(105, 0.00, 0.00, 0.00, 0.00, 0.00, 0.87, 2, 'TENS. FF (H 12mm)'),
(107, 4.80, 6.40, 100.00, 200.00, 0.00, 14.02, 2, '200 X 4.8 X 100 X 6.4'),
(108, 4.80, 6.40, 100.00, 200.00, 0.00, 14.02, 2, 'VIGA PRINCIPAL 200X100'),
(109, 0.00, 0.00, 0.00, 0.00, 0.00, 6.74, 2, 'PALOTE CUBIERTA'),
(110, 0.00, 0.00, 0.00, 0.00, 0.00, 3.23, 2, 'CANALETAS'),
(111, 4.80, 6.40, 165.00, 300.00, 0.00, 27.81, 2, '300 X 4.8 X 165 X 6.4'),
(112, 6.40, 6.40, 185.00, 375.00, 0.00, 37.33, 2, '375 X 6.4 X 185 X 6.4'),
(113, 6.40, 7.90, 248.00, 500.00, 0.00, 56.17, 2, '500 X 6.4 X 248 X 7.9'),
(114, 4.80, 6.40, 148.00, 300.00, 0.00, 26.10, 2, '300 X 4.8 X 148 X 6.4'),
(115, 4.80, 6.40, 165.00, 375.00, 0.00, 30.63, 2, '375 X 4.8 X 165 X 6.4'),
(116, 4.80, 4.80, 148.00, 148.00, 0.00, 16.73, 2, '148 X 4.8 X 148 X 4.8'),
(117, 0.00, 0.00, 0.00, 0.00, 0.00, 9.44, 2, 'PALOTE GUIA PORTON'),
(118, 0.00, 0.00, 0.00, 0.00, 0.00, 15.00, 2, 'PORTON'),
(119, 4.80, 6.40, 148.00, 500.00, 0.00, 33.64, 2, '500 X 4.8 X 148 X 6.4'),
(120, 4.80, 6.40, 135.00, 200.00, 0.00, 21.55, 2, '200 X 4.8 X 135 X 6.4'),
(121, 0.00, 0.00, 0.00, 0.00, 0.00, 5.17, 4, 'CHAPA PREPINTADA'),
(122, 0.00, 0.00, 0.00, 0.00, 0.00, 5.00, 2, 'GALVANIZADA'),
(123, 0.00, 0.00, 0.00, 0.00, 0.00, 6.74, 2, 'PALOTE CENEFA'),
(124, 0.00, 0.00, 0.00, 0.00, 0.00, 4.92, 2, 'CHAPA CENEFA'),
(125, 0.00, 0.00, 0.00, 0.00, 0.00, 4.79, 2, '140 X 60 X 2 F.302'),
(126, 0.00, 0.00, 0.00, 0.00, 0.00, 4.84, 2, '140 X 60 X 2 F.320'),
(127, 0.00, 0.00, 0.00, 0.00, 0.00, 9.70, 2, 'PALOTES (160)'),
(128, 0.00, 0.00, 0.00, 0.00, 0.00, 4.98, 2, '140 X 60 X 2.5'),
(129, 0.00, 0.00, 0.00, 0.00, 0.00, 100.48, 2, 'PLACA FUNDACION 1/2'),
(130, 4.80, 6.40, 125.00, 250.00, 0.00, 21.71, 2, '250 X 4.8 X 125 X 6.4'),
(131, 4.80, 6.40, 165.00, 600.00, 0.00, 30.18, 2, '600 X 2.9 X 165 X 6.4'),
(132, 4.80, 6.40, 165.00, 500.00, 0.00, 39.10, 2, '500 X 4.8 X 165 X 6.4'),
(133, 0.00, 0.00, 0.00, 0.00, 0.00, 2.10, 2, '100 X 40 X 0.94'),
(134, 0.00, 0.00, 0.00, 0.00, 0.00, 1.20, 2, '103 X 30 X 0.94'),
(135, 0.00, 0.00, 0.00, 0.00, 0.00, 0.83, 2, 'CAÑO 30 X 30 X 6mts'),
(136, 0.00, 0.00, 0.00, 0.00, 0.00, 7.46, 2, 'PALOTE CENEFA (PC100) >C/Soportes'),
(137, 0.00, 0.00, 0.00, 0.00, 0.00, 0.75, 2, 'SOPORTES'),
(138, 0.00, 0.00, 0.00, 0.00, 0.00, 4.92, 2, 'CHAPA TRAPEZOIDAL'),
(139, 0.00, 0.00, 0.00, 0.00, 0.00, 4.92, 2, 'CHAPA ACANALADA'),
(140, 0.00, 0.00, 0.00, 0.00, 0.00, 1.00, 2, 'MEDIDAS VARIAS'),
(141, 0.00, 0.00, 0.00, 0.00, 0.00, 0.00, 2, 'ARMADOS COMPLETOS'),
(142, 0.00, 0.00, 0.00, 0.00, 0.00, 7.44, 2, 'PALOTES GALVANIZADO (120)'),
(143, 0.00, 0.00, 0.00, 0.00, 0.00, 1.00, 2, 'PLEGADOS'),
(144, 0.00, 0.00, 0.00, 0.00, 0.00, 40.07, 2, 'CABREADAS'),
(145, 0.00, 0.00, 0.00, 0.00, 0.00, 1.00, 2, 'ESTRUCTURA DE 50 X 30 X 1.6'),
(146, 0.00, 0.00, 0.00, 0.00, 0.00, 1.70, 4, '100 X 40 X 0.7'),
(147, 0.00, 0.00, 0.00, 0.00, 0.00, 1.00, 4, 'P/ PLEGAR'),
(148, 0.00, 0.00, 0.00, 0.00, 0.00, 3.42, 56, 'CAÑO 80 X 30 X 1,6 X 6mts'),
(149, 0.00, 0.00, 0.00, 0.00, 0.00, 1.00, 4, 'BASE DE TANQUE'),
(150, 4.80, 6.40, 150.00, 300.00, 0.00, 26.38, 2, '300 X 4.8 X 150 X 6.4'),
(151, 4.80, 6.40, 150.00, 200.00, 0.00, 146.20, 2, 'VIGA PRINCIPAL 200/380 X 150'),
(152, 3.20, 6.40, 166.00, 400.00, 0.00, 30.00, 2, '400 X 3.2 X 166 X 6.4'),
(153, 0.00, 0.00, 0.00, 0.00, 0.00, 2.50, 2, 'PLASTICA 600 MICRONES');

-- --------------------------------------------------------

--
-- Estructura de tabla para la tabla `inventario`
--

CREATE TABLE `inventario` (
  `id` int(11) NOT NULL,
  `codigo` varchar(100) NOT NULL,
  `producto` varchar(250) NOT NULL,
  `existencia` int(11) NOT NULL,
  `precio` decimal(10,2) NOT NULL,
  `minimo` int(11) NOT NULL,
  `venta` float NOT NULL,
  `compra` float NOT NULL,
  `unidad` varchar(50) NOT NULL,
  `id_categoria` int(11) NOT NULL,
  `fecha` timestamp NOT NULL DEFAULT current_timestamp() ON UPDATE current_timestamp(),
  `pesounitario` decimal(10,2) NOT NULL
) ENGINE=InnoDB DEFAULT CHARSET=utf8mb4 COLLATE=utf8mb4_general_ci;

--
-- Volcado de datos para la tabla `inventario`
--

INSERT INTO `inventario` (`id`, `codigo`, `producto`, `existencia`, `precio`, `minimo`, `venta`, `compra`, `unidad`, `id_categoria`, `fecha`, `pesounitario`) VALUES
(365, '000002', 'COLUMNA FRENTE', 1, 0.00, 1, 0, 0, 'KG', 2, '2023-09-04 14:53:22', 0.00),
(366, 'LAMINADO', 'LAMINADO EN CALIENTE (LAC)', 10626896, 0.00, 100001, 0, 0, 'KG', 5, '2023-10-02 14:11:32', 0.00),
(370, '100004', 'PERFIL C 140', 1, 0.00, 1, 0, 0, 'UNIDAD', 4, '2023-08-11 13:27:28', 0.00),
(371, '100005', 'PERFIL C 160', 1, 0.00, 1, 0, 0, 'UNIDAD', 4, '2023-08-11 13:27:43', 0.00),
(372, '000003', 'COLUMNA FRENTE Y FONDO', 1, 0.00, 1, 0, 0, 'KG', 2, '2023-08-25 16:30:59', 0.00),
(374, '000006', 'COLUMNA LATERAL', 0, 0.00, 10, 0, 0, 'KG', 2, '2023-09-04 14:49:53', 0.00),
(376, '100007', 'CORREAS DE CERRAMIENTO', 1, 0.00, 1, 0, 0, 'KG', 4, '2023-08-25 16:31:33', 0.00),
(377, '100006', 'CORREAS DE CUBIERTA', 1, 0.00, 1, 0, 0, 'KG', 4, '2023-08-14 11:37:18', 0.00),
(378, '100006', 'CHAPAS', 1, 0.00, 1, 0, 0, 'KG', 1, '2023-08-14 11:38:04', 0.00),
(379, '000007', 'VIGA', 1, 0.00, 1, 0, 0, 'KG', 2, '2023-08-14 12:05:05', 0.00),
(380, '100005', 'PALOTES', 1, 0.00, 1, 0, 0, 'KG', 4, '2023-08-14 12:42:44', 0.00),
(381, '100007', 'CORREAS DE CENEFA', 1, 0.00, 1, 0, 0, 'KG', 4, '2023-08-14 12:59:40', 0.00),
(392, 'CHAACCINC', 'CHAPA ACANALADA CINCALUM', 100000, 0.00, 10000, 0, 0, 'UNIDAD', 4, '2023-09-19 15:29:46', 0.00),
(393, 'CHAACPLAS', 'CHAPA ACANALADA PLASTICA', 100000, 0.00, 1000, 0, 0, 'UNIDAD', 4, '2023-08-28 10:19:01', 0.00),
(394, 'CHATRGRIS', 'CHAPA TRAPEZOIDAL GRIS', 100000, 0.00, 1000, 0, 0, 'UNIDAD', 4, '2023-08-28 10:19:58', 0.00),
(434, 'AISLANROLLO', 'ROLLO AISLANTE TERMICO', 1, 0.00, 1, 0, 0, 'UNIDAD', 56, '2023-10-02 10:44:16', 1.00),
(435, '100008', 'PERFIL C 100', 1, 0.00, 1, 0, 0, 'UNIDAD', 4, '2023-09-05 11:51:59', 5.00),
(436, 'COLVIGA', 'COLUMNAS DE ENTREPISO', 1, 0.00, 1, 0, 0, 'UNIDAD', 2, '2023-09-11 11:56:25', 1.00),
(437, 'CUBO', 'CUBO 1.50 X 1.50', 1, 0.00, 1, 0, 0, 'UNIDAD', 2, '2023-09-05 12:04:46', 0.00),
(438, 'CABLE', 'CABLE ACERO 4mm', 1, 0.00, 1, 0, 0, 'UNIDAD', 2, '2023-09-05 12:05:28', 0.00),
(439, 'PRENSCABLE', 'PRENSA CABLE', 1, 0.00, 1, 0, 0, 'UNIDAD', 2, '2023-09-05 12:06:07', 0.00),
(440, 'ANG', 'ANGULO DE 1\"1/2 x 1/8\"', 1, 0.00, 1, 0, 0, 'UNIDAD', 2, '2023-09-05 12:25:15', 0.00),
(441, 'MALLA', 'MALLA SIMA 2 X 3', 1, 0.00, 1, 0, 0, 'UNIDAD', 56, '2023-09-28 12:52:18', 0.00),
(442, 'sap', 'SAPITOS', 1, 0.00, 1, 0, 0, 'UNIDAD', 4, '2023-09-05 17:09:49', 0.00),
(443, '100008', 'PERFIL U 100', 1, 0.00, 1, 0, 0, 'UNIDAD', 4, '2023-09-06 13:07:43', 1.00),
(444, 'ANDAMIOS', 'CUERPOS DE ANDAMIO', 1, 0.00, 1, 0, 0, 'UNIDAD', 56, '2023-09-28 12:49:56', 0.00),
(445, 'TABL', 'TABLONES CHAPA', 1, 0.00, 1, 0, 0, 'UNIDAD', 4, '2023-09-06 13:08:48', 0.00),
(446, 'RUED', 'RUEDAS PARA ANDAMIO', 1, 0.00, 1, 0, 0, 'UNIDAD', 56, '2023-09-28 12:55:28', 0.00),
(447, 'pleg', 'PLEGADOS PREPINTADOS BLANCOS', 1, 0.00, 1, 0, 0, 'UNIDAD', 4, '2023-09-06 13:11:35', 0.00),
(448, 'BASECOAT', 'BOLSA BASE COAT', 1, 0.00, 1, 0, 0, 'UNIDAD', 56, '2023-09-28 12:47:25', 0.00),
(449, 'TERGO', 'TERGOPOL X 30mm', 1, 0.00, 1, 0, 0, 'UNIDAD', 57, '2023-09-28 12:56:01', 0.00),
(450, 'ARAN', 'ARANDELAS PLASTICAS', 1, 0.00, 1, 0, 0, 'UNIDAD', 56, '2023-09-28 12:46:41', 0.00),
(451, 'FIBRA', 'ROLLO FIBRA DE VIDRIO X 20mts', 1, 0.00, 1, 0, 0, 'PAQUETES', 57, '2023-09-28 12:55:00', 0.00),
(452, 'TORN', 'TORNILLOS T3', 1, 0.00, 1, 0, 0, 'UNIDAD', 56, '2023-09-28 12:56:46', 0.00),
(453, 'MEMBR', 'MEMBRANA 150 x 20', 1, 0.00, 1, 0, 0, 'UNIDAD', 57, '2023-09-28 12:52:29', 0.00),
(454, 'AUTOP', 'CAJA AUTOPERFORANTES 14 X 1 X 2000U', 1, 0.00, 1, 0, 0, 'UNIDAD', 56, '2023-09-28 12:48:15', 0.00),
(455, 'AUTOPT1', 'AUTOPERFORANTES T1 MECHA', 1, 0.00, 1, 0, 0, 'UNIDAD', 56, '2023-09-28 12:46:59', 0.00),
(456, 'AUTOPT2M', 'AUTOPERFORANTES T2 MECHA', 1, 0.00, 1, 0, 0, 'UNIDAD', 56, '2023-09-28 12:47:07', 0.00),
(457, 'AUTOPT2A', 'AUTOPERFORANTES T2 AGUJA', 1, 0.00, 1, 0, 0, 'UNIDAD', 56, '2023-09-28 12:47:03', 0.00),
(458, 'PLACAS', 'PLACAS DE YESO 12,5mm', 1, 0.00, 1, 0, 0, 'UNIDAD', 56, '2023-09-28 12:53:16', 0.00),
(459, 'CINTAP', 'CINTA PAPEL', 1, 0.00, 1, 0, 0, 'UNIDAD', 56, '2023-09-28 12:49:23', 0.00),
(460, 'CANTON', 'CANTONERA METÁLICA', 1, 0.00, 1, 0, 0, 'UNIDAD', 4, '2023-09-06 15:37:38', 0.00),
(461, 'TACOSF', 'TACO FISCHER 8mm', 1, 0.00, 1, 0, 0, 'UNIDAD', 56, '2023-09-28 12:55:57', 0.00),
(462, 'TORNI8mm', 'TORNILLOS PARA FISCHER 8mm', 1, 0.00, 1, 0, 0, 'UNIDAD', 56, '2023-09-28 12:56:36', 0.00),
(463, 'MONTAB', 'MONTANTES DE 70mm', 1, 0.00, 1, 0, 0, 'PAQUETES', 4, '2023-09-06 15:40:41', 0.00),
(464, 'MONTAB35', 'MONTANTES DE 35mm', 1, 0.00, 1, 0, 0, 'PAQUETES', 4, '2023-09-06 15:41:26', 0.00),
(465, 'SOLER70mm', 'SOLERAS DE 70mm', 1, 0.00, 1, 0, 0, 'PAQUETES', 4, '2023-09-06 15:41:59', 0.00),
(466, 'SOLER35mm', 'SOLERAS DE 35mm', 1, 0.00, 1, 0, 0, 'PAQUETES', 4, '2023-09-06 15:42:37', 0.00),
(467, 'MASIL', 'BALDE MASILLA X 32kg', 1, 0.00, 1, 0, 0, 'UNIDAD', 56, '2023-09-28 12:47:17', 0.00),
(468, 'LATEXB', 'LATEX BLANCO X 20lts', 1, 0.00, 1, 0, 0, 'UNIDAD', 56, '2023-09-28 12:52:03', 0.00),
(469, 'ROLLO', 'CORRUGADO', 1, 0.00, 1, 0, 0, 'UNIDAD', 56, '2023-09-28 12:49:46', 0.00),
(470, 'CAJALUZ', 'CAJA PLASTICA LUZ', 1, 0.00, 1, 0, 0, 'UNIDAD', 56, '2023-09-28 12:48:28', 0.00),
(471, 'CAJAEXLUZ', 'CAJA EXAGONAL PARA LUZ', 1, 0.00, 1, 0, 0, 'UNIDAD', 56, '2023-09-28 12:48:24', 0.00),
(472, 'LIJAA180', 'LIJA AL AGUA X 180', 1, 0.00, 1, 0, 0, 'UNIDAD', 56, '2023-09-28 12:52:10', 0.00),
(473, 'RODIL', 'RODILLO PELO LARGO', 1, 0.00, 1, 0, 0, 'UNIDAD', 56, '2023-09-28 12:54:40', 0.00),
(474, 'PINCEL', 'PINCEL N° 25', 1, 0.00, 1, 0, 0, 'UNIDAD', 56, '2023-09-28 12:52:58', 0.00),
(475, 'COMBPASA', 'COMBO PASADOR CON CANDADO', 1, 0.00, 1, 0, 0, 'UNIDAD', 56, '2023-09-28 12:49:40', 0.00),
(476, 'CINAIS', 'CINTA AISLADORA', 1, 0.00, 1, 0, 0, 'UNIDAD', 56, '2023-09-28 12:49:19', 0.00),
(477, 'PRECINTOS', 'PRECINTOS', 1, 0.00, 1, 0, 0, 'PAQUETES', 56, '2023-09-28 12:54:22', 0.00),
(478, 'DISCCORTE115', 'CAJA DISCOS DE CORTE DE 115mm', 1, 0.00, 1, 0, 0, 'PAQUETES', 56, '2023-09-28 12:48:21', 0.00),
(521, 'CUMBRERAS', 'CUMBRERAS 600 X 1220', 1, 0.00, 1, 0, 0, 'UNIDAD', 4, '2023-09-06 18:13:44', 0.00),
(522, 'CAPUCH', 'CAPUCHONES CHAPA', 136, 0.00, 1, 0, 0, 'UNIDAD', 2, '2023-09-08 10:16:34', 4.00),
(523, 'ALERO', 'ALERO CHAPA', 6, 0.00, 1, 0, 0, 'UNIDAD', 4, '2023-09-08 10:18:03', 5.00),
(524, 'CHAACAGALV', 'CHAPA ACANALADA GALVANIZADA X 1.55mts', 1, 0.00, 1, 0, 0, 'UNIDAD', 2, '2023-09-08 10:20:01', 7.00),
(525, 'CHAACAGALVTIMP', 'CHAPA ACANALADA GALVANIZADA CIERRE TIMPANO', 1, 0.00, 1, 0, 0, 'UNIDAD', 2, '2023-09-08 10:22:12', 0.00),
(526, 'POMO', 'POMO SELLADOR NEGRO', 1, 0.00, 1, 0, 0, 'UNIDAD', 56, '2023-09-28 12:54:15', 0.00),
(527, 'CAÑOPVC', 'CAÑO PVC 110 X 4', 1, 0.00, 1, 0, 0, 'UNIDAD', 56, '2023-09-28 12:48:50', 0.00),
(528, 'CAÑOESTR', 'CAÑO ESTRUCTURAL 30 X 30 X 6mts', 1, 0.00, 1, 0, 0, 'UNIDAD', 56, '2023-09-28 12:48:47', 0.00),
(529, 'PLEGPPNE', 'PLEGADOS PREPINTADOS NEGRO', 1, 0.00, 1, 0, 0, 'UNIDAD', 4, '2023-09-08 11:45:36', 0.00),
(530, 'COLINTERNAS', 'COLUMNAS INTERNAS', 1, 0.00, 1, 0, 0, 'UNIDAD', 2, '2023-09-08 12:58:47', 1.00),
(531, 'PREP', 'PLEGADOS PREPINTADOS AZUL', 1, 0.00, 1, 0, 0, 'UNIDAD', 4, '2023-09-08 13:03:07', 1.00),
(532, 'FLEJES', 'FLEJES', 1, 0.00, 1, 0, 0, 'UNIDAD', 4, '2023-09-08 13:46:05', 1.00),
(533, 'PLANCH', 'PLANCHUELA 1 1/4X 1/8', 1, 0.00, 1, 0, 0, 'UNIDAD', 4, '2023-09-08 13:46:26', 1.00),
(534, 'PERFILCNE', 'PC 160 NEGRO', 1, 0.00, 1, 0, 0, 'UNIDAD', 4, '2023-09-08 13:49:07', 0.00),
(535, 'PERFIL120NE', 'PC 120 NEGRO', 1, 0.00, 1, 0, 0, 'UNIDAD', 4, '2023-09-08 13:50:36', 0.00),
(536, 'REMACHES', 'REMACHES POP', 1, 0.00, 1, 0, 0, 'UNIDAD', 56, '2023-09-28 12:54:37', 1.00),
(537, 'RECCHAP', 'RECORTE CHAPA TRAPEZOIDAL', 1, 0.00, 1, 0, 0, 'UNIDAD', 4, '2023-09-08 14:02:19', 1.00),
(538, 'LATEXG', 'LATEX GRIS X LT', 1, 0.00, 1, 0, 0, 'UNIDAD', 56, '2023-09-28 12:52:06', 1.00),
(539, 'NAFTA', 'NAFTA', 1, 0.00, 1, 0, 0, 'UNIDAD', 57, '2023-09-28 12:52:43', 1.00),
(549, 'GUANTESM', 'GUANTES MOTEADOS', 100, 0.00, 1, 0, 0, 'UNIDAD', 56, '2023-09-28 12:51:36', 0.00),
(550, 'BOQUILLAS', 'BOQUILLA IMANTADA 3/8', 100, 0.00, 1, 0, 0, 'UNIDAD', 56, '2023-09-28 12:47:58', 0.00),
(551, 'PUNTPH', 'PUNTA PHILIPS', 100, 0.00, 1, 0, 0, 'UNIDAD', 56, '2023-09-28 12:54:27', 0.00),
(552, 'PERFILC80', 'PERFIL C 80 CONFORMADO GALVANIZADO', 1, 0.00, 1, 0, 0, 'UNIDAD', 4, '2023-09-11 10:57:56', 0.00),
(553, 'DURLOCK', 'PLACA DURLOCK 12,5', 1, 0.00, 1, 0, 0, 'UNIDAD', 57, '2023-09-28 12:53:08', 0.00),
(554, 'PLACASCP', 'PLACAS COLUMNAS PRINCIPALES', 1, 0.00, 1, 0, 0, 'UNIDAD', 2, '2023-09-11 11:28:41', 0.00),
(555, 'PLACASCI', 'PLACAS COLUMNAS INTERNAS', 1, 0.00, 1, 0, 0, 'UNIDAD', 2, '2023-09-11 11:29:20', 0.00),
(556, 'PLACASCEFF', 'PLACAS COLUMNAS ENTREPISO Y FF', 1, 0.00, 1, 0, 0, 'UNIDAD', 2, '2023-09-11 11:30:32', 0.00),
(557, 'COLPRINC', 'COLUMNAS PRINCIPALES', 1, 0.00, 1, 0, 0, 'UNIDAD', 2, '2023-09-11 11:39:22', 0.00),
(558, 'COLCUBOFI', 'COLUMNAS CUBIERTA DE OFICINA', 1, 0.00, 1, 0, 0, 'UNIDAD', 2, '2023-09-11 11:58:34', 0.00),
(559, 'VIGASP', 'VIGAS PRINCIPALES', 1, 0.00, 1, 0, 0, 'UNIDAD', 2, '2023-09-11 12:00:23', 0.00),
(560, 'VIGASCP', 'VIGAS DE COMPRESION', 1, 0.00, 1, 0, 0, 'UNIDAD', 2, '2023-09-11 12:01:02', 0.00),
(561, 'VIGASEP', 'VIGAS DE ENTREPISO', 1, 0.00, 1, 0, 0, 'UNIDAD', 2, '2023-09-11 12:01:41', 0.00),
(562, 'VIGASCO', 'VIGAS CUBIERTA DE OFICINA', 1, 0.00, 1, 0, 0, 'UNIDAD', 2, '2023-09-11 12:02:57', 0.00),
(563, 'VIGATRA', 'VIGA TRANSVERSAL', 1, 0.00, 1, 0, 0, 'UNIDAD', 2, '2023-09-11 12:03:58', 0.00),
(564, 'CORREAENTRE', 'CORREAS DE ENTREPISO', 1, 0.00, 1, 0, 0, 'UNIDAD', 2, '2023-09-11 12:14:42', 0.00),
(565, 'CHAPCERRA', 'CHAPAS DE CERRAMIENTO', 1, 0.00, 1, 0, 0, 'UNIDAD', 2, '2023-09-11 12:17:06', 0.00),
(566, 'CHATRAZUL', 'CHAPA TRAPEZOIDAL AZUL', 1, 0.00, 1, 0, 0, 'UNIDAD', 4, '2023-09-11 12:18:42', 0.00),
(567, 'CHATRABLANCA', 'CHAPA TRAPEZOIDAL BLANCA', 1, 0.00, 1, 0, 0, 'UNIDAD', 4, '2023-09-11 12:26:40', 0.00),
(568, 'VIGASRIOSTRA', 'VIGAS RIOSTRAS 20 X 20 X 12mts', 1, 0.00, 1, 0, 0, 'UNIDAD', 4, '2023-09-11 12:27:59', 0.00),
(569, 'AUTOP14X2', 'CAJA AUTOPERFORANTES 14 X 2 X 1200U', 1, 0.00, 1, 0, 0, 'UNIDAD', 56, '2023-09-28 12:48:18', 0.00),
(570, 'CHAPCUBIERT', 'CHAPA DE CUBIERTA', 1, 0.00, 1, 0, 0, 'UNIDAD', 2, '2023-09-11 13:20:32', 0.00),
(571, 'ESTCENEFA', 'ESTRUCTURA DE CENEFA', 1, 0.00, 1, 0, 0, 'UNIDAD', 2, '2023-09-11 13:22:53', 0.00),
(572, 'CORREAALERO', 'CORREAS DE ALEROS', 1, 0.00, 1, 0, 0, 'UNIDAD', 2, '2023-09-11 14:01:35', 0.00),
(573, 'CHAPALEROS', 'CHAPAS DE ALEROS', 1, 0.00, 1, 0, 0, 'UNIDAD', 2, '2023-09-11 14:03:29', 0.00),
(574, 'CANALETA', 'CANALETA', 1, 0.00, 1, 0, 0, 'UNIDAD', 2, '2023-09-11 14:13:06', 0.00),
(575, 'TENSOR', 'TENSOR', 1, 0.00, 1, 0, 0, 'UNIDAD', 2, '2023-09-11 14:14:57', 0.00),
(576, 'PREMARCOS', 'PREMARCOS DE PORTON', 1, 0.00, 1, 0, 0, 'UNIDAD', 2, '2023-09-11 14:18:48', 0.00),
(577, 'PORTON', 'PORTON LEVADIZO', 1, 0.00, 1, 0, 0, 'UNIDAD', 2, '2023-09-11 14:19:57', 0.00),
(578, 'PUERTAS', 'PUERTA DE EMERGENCIA ANTIPANICO', 1, 0.00, 1, 0, 0, 'UNIDAD', 2, '2023-09-11 14:21:02', 0.00),
(579, 'CELOSIAS', 'CELOSIAS', 1, 0.00, 1, 0, 0, 'UNIDAD', 2, '2023-09-11 14:21:39', 0.00),
(580, 'CINTAPDURLOCK', 'CINTA PAPEL MICROPERFORADA P/DURLOCK', 1, 0.00, 1, 0, 0, 'UNIDAD', 56, '2023-09-28 12:49:26', 0.00),
(581, 'CHAPCENEFA', 'CHAPA CENEFA', 1, 0.00, 1, 0, 0, 'UNIDAD', 2, '2023-09-11 15:17:07', 0.00),
(583, 'PORTON1', 'PORTON', 1, 0.00, 1, 0, 0, 'UNIDAD', 2, '2023-09-11 19:02:19', 0.00),
(584, 'GAFAS', 'GAFAS NEGRAS', 100, 0.00, 1, 0, 0, 'UNIDAD', 56, '2023-09-28 12:51:26', 0.00),
(585, 'FIBRON', 'FIBRON NEGRO', 100, 0.00, 1, 0, 0, 'UNIDAD', 57, '2023-09-28 12:51:09', 0.00),
(586, 'BULON', 'BULON 5/16\"', 100, 0.00, 1, 0, 0, 'UNIDAD', 56, '2023-09-28 12:48:06', 0.00),
(587, 'BULON3/8', 'BULON 3/8\"', 100, 0.00, 1, 0, 0, 'UNIDAD', 56, '2023-09-28 12:48:02', 0.00),
(588, 'BULON5/8', 'BULON 5/8\"', 100, 0.00, 1, 0, 0, 'UNIDAD', 56, '2023-09-28 12:48:12', 0.00),
(589, 'PERFILC120', 'PERFIL C 120', 1, 0.00, 1, 0, 0, 'UNIDAD', 4, '2023-09-12 10:02:46', 0.00),
(590, 'RECCHAPACA', 'RECORTE CHAPA ACANALADA', 1, 0.00, 1, 0, 0, 'UNIDAD', 4, '2023-09-12 10:05:13', 0.00),
(591, 'RECCHPGALVA', 'RECORTE CHAPA GALVANIZADA', 1, 0.00, 1, 0, 0, 'UNIDAD', 4, '2023-09-12 10:39:02', 0.00),
(592, 'CUMBRVARIAS', 'CUMBRERAS', 1, 0.00, 1, 0, 0, 'UNIDAD', 4, '2023-09-12 13:24:12', 0.00),
(593, 'PLACAFUNDA', 'PLACAS PARA FUNDACIÓN', 1, 0.00, 1, 0, 0, 'UNIDAD', 4, '2023-09-12 14:13:31', 0.00),
(594, 'DISCCORTE230', 'DISCOS DE CORTE DE 230mm X 10U', 1, 0.00, 1, 0, 0, 'UNIDAD', 56, '2023-09-28 12:50:33', 0.00),
(595, 'CABREADASV', 'CABREADAS', 1, 0.00, 1, 0, 0, 'UNIDAD', 2, '2023-09-13 10:26:30', 0.00),
(596, 'PLACABBOA', 'PLACAS SUPER BOAR N°8', 1, 0.00, 1, 0, 0, 'UNIDAD', 57, '2023-09-28 12:54:04', 0.00),
(597, 'PLACABBOAn6', 'PLACAS SUPER BOAR N°6', 1, 0.00, 1, 0, 0, 'UNIDAD', 57, '2023-09-28 12:54:01', 0.00),
(598, 'ESTACAS', 'ESTACAS 10mm', 1, 0.00, 1, 0, 0, 'UNIDAD', 57, '2023-09-28 12:50:59', 0.00),
(599, 'SEMICAB', 'SEMICABREADAS', 1, 0.00, 1, 0, 0, 'UNIDAD', 2, '2023-09-13 12:52:25', 0.00),
(600, 'ANG1/2', 'ANGULO DE 1/2 x 1/8\"', 1, 0.00, 1, 0, 0, 'UNIDAD', 56, '2023-09-28 12:46:26', 0.00),
(601, 'GUIA', 'GUIA DE PORTON', 1, 0.00, 1, 0, 0, 'UNIDAD', 56, '2023-09-28 12:51:43', 0.00),
(602, 'MANIJA', 'MANIJA PARA PORTON', 1, 0.00, 1, 0, 0, 'UNIDAD', 56, '2023-09-28 12:52:22', 0.00),
(603, 'TACOSF10', 'TACO FISCHER 10mm', 1, 0.00, 1, 0, 0, 'UNIDAD', 56, '2023-09-28 12:55:53', 0.00),
(604, 'CARRITO', 'CARRITO PARA GUIA PORTON', 1, 0.00, 1, 0, 0, 'UNIDAD', 56, '2023-09-28 12:49:02', 0.00),
(605, 'CHAPPPLISA', 'CHAPA PREPINTADA LISA BLANCA 0.5 X 1220', 1, 0.00, 1, 0, 0, 'UNIDAD', 4, '2023-09-13 14:13:14', 0.00),
(606, 'CHAPPPLISAN', 'CHAPA PREPINTADA LISA NEGRA 1.25 X 1220', 1, 0.00, 1, 0, 0, 'UNIDAD', 4, '2023-09-13 14:11:25', 0.00),
(607, 'CHAPAN18', 'CHAPA N° 18 ', 1, 0.00, 1, 0, 0, 'UNIDAD', 4, '2023-09-13 15:18:49', 0.00),
(608, 'PLEGGALVA', 'PLEGADO GALVANIZADO', 1, 0.00, 1, 0, 0, 'UNIDAD', 4, '2023-09-13 15:50:46', 0.00),
(609, 'CANAGALVA', 'CANALETA GALVANIZADA', 1, 0.00, 1, 0, 0, 'UNIDAD', 4, '2023-09-13 15:51:30', 0.00),
(610, 'MALLASIMA', 'MALLA SIMA 150 X 150 X 4.5 X 2.10', 1, 0.00, 1, 0, 0, 'UNIDAD', 56, '2023-09-28 12:52:13', 0.00),
(611, 'CEMENTO', 'BOLSA DE CEMENTO X 50KG', 1, 0.00, 1, 0, 0, 'UNIDAD', 56, '2023-09-28 12:47:29', 0.00),
(612, 'CUARZO', 'BOLSA DE CUARZO X 25kg', 1, 0.00, 1, 0, 0, 'UNIDAD', 56, '2023-09-28 12:47:38', 0.00),
(613, 'CHAPATRCIN', 'CHAPA TRAPEZOIDAL', 1, 0.00, 1, 0, 0, 'UNIDAD', 4, '2023-09-14 12:43:44', 0.00),
(614, 'RECOR', 'RECORTE', 1, 0.00, 1, 0, 0, 'UNIDAD', 4, '2023-09-14 18:49:30', 0.00),
(615, 'DISCCORTE230uni', 'DISCOS DE CORTE DE 230mm', 10000, 0.00, 10, 0, 0, 'UNIDAD', 56, '2023-09-28 12:50:30', 0.00),
(616, 'DISCCORTE115uni', 'DISCOS DE CORTE DE 115mm', 10000, 0.00, 10, 0, 0, 'UNIDAD', 56, '2023-09-28 12:50:27', 0.00),
(617, 'SOPORTE', 'SOPORTE TENSOR', 10000, 0.00, 10, 0, 0, 'UNIDAD', 2, '2023-09-15 13:59:59', 1.00),
(618, 'PLACASOSB', 'PLACAS OSB', 10000, 0.00, 10, 0, 0, 'UNIDAD', 57, '2023-09-28 12:53:20', 0.00),
(619, 'AUTOP14X2XUNIDAD', 'AUTOPERFORANTES 14 x 2\" x UN', 1000000, 0.00, 100, 0, 0, 'UNIDAD', 56, '2023-09-28 12:46:50', 0.00),
(620, 'AUTOP14X1XUNIDAD', 'AUTOPERFORANTES 14 x 1\" x UN', 1000000, 0.00, 100, 0, 0, 'UNIDAD', 56, '2023-09-28 12:46:46', 0.00),
(621, 'PLACADURLOCK', 'PLACA DURLOCK 9.5', 10000, 0.00, 100, 0, 0, 'UNIDAD', 57, '2023-09-28 12:53:12', 0.00),
(622, 'MEMBRALUM', 'MEMBRANA DOBLE ALUMINIO', 10000, 0.00, 10, 0, 0, 'UNIDAD', 57, '2023-09-28 12:52:35', 0.00),
(623, 'FIBRAX50', 'ROLLO FIBRA DE VIDRIO X 50mts', 10000, 0.00, 10, 0, 0, 'UNIDAD', 57, '2023-09-28 12:55:09', 0.00),
(624, 'PGC', 'PERFIL PGC 100 X 40 X 0.94', 1, 0.00, 1, 0, 0, 'UNIDAD', 4, '2023-09-18 13:12:19', 0.00),
(625, 'PGU', 'PERFIL PGU 103 X 30 X 0.94', 1, 0.00, 1, 0, 0, 'UNIDAD', 4, '2023-09-18 13:12:44', 0.00),
(626, 'AUTOPT1A', 'AUTOPERFORANTES T1 AGUJA', 1, 0.00, 1, 0, 0, 'UNIDAD', 56, '2023-09-28 12:46:55', 0.00),
(627, 'TORNMADERA', 'TORNILLOS PARA MADERA 22 X 45', 1, 0.00, 1, 0, 0, 'UNIDAD', 56, '2023-09-28 12:56:43', 0.00),
(628, 'TORNMADERA2', 'TORNILLOS PARA MADERA 19 X 45', 1, 0.00, 1, 0, 0, 'UNIDAD', 56, '2023-09-28 12:56:39', 0.00),
(629, 'ANCLAJE', 'ANCLAJE FWA 10 X 65 FISCHER', 1, 0.00, 1, 0, 0, 'UNIDAD', 56, '2023-09-28 12:46:15', 0.00),
(630, 'CAÑOPVC160', 'CAÑO PVC 160', 1, 0.00, 1, 0, 0, 'UNIDAD', 56, '2023-09-28 12:48:54', 0.00),
(631, 'UNIOPVC', 'UNION PVC 160', 1, 0.00, 1, 0, 0, 'UNIDAD', 56, '2023-09-28 12:56:58', 0.00),
(632, 'POMOBLANCO', 'POMO SELLADOR BLANCO', 1, 0.00, 1, 0, 0, 'UNIDAD', 56, '2023-09-28 12:54:12', 0.00),
(633, 'CODOPVC45', 'CODO 45° PVC 160 ', 1, 0.00, 1, 0, 0, 'UNIDAD', 56, '2023-09-28 12:49:30', 0.00),
(634, 'PEGAMENTO', 'PEGAMENTO', 1, 0.00, 1, 0, 0, 'UNIDAD', 56, '2023-09-28 12:52:51', 0.00),
(635, 'PINTSINTE', 'PINTURA SINTETICO NEGRO', 1, 0.00, 11, 0, 0, 'UNIDAD', 56, '2023-09-28 12:53:01', 0.00),
(636, 'FLAP', 'DISCO FLAP 115mm', 1, 0.00, 1, 0, 0, 'UNIDAD', 56, '2023-09-28 12:50:25', 0.00),
(637, 'SOPORTES', 'SOPORTES', 10000, 0.00, 10, 0, 0, 'UNIDAD', 4, '2023-09-19 11:16:14', 0.00),
(638, 'PLEGPPGRIS', 'PLEGADOS PREPINTADOS GRIS', 1, 0.00, 1, 0, 0, 'UNIDAD', 4, '2023-09-19 13:25:39', 0.00),
(639, 'PLACA', 'PLACA CHAPA 400 X 350mm X 1/2\"', 1, 0.00, 1, 0, 0, 'UNIDAD', 4, '2023-09-19 14:25:52', 14.06),
(640, 'ESCUADRAS', 'ESCUADRAS DE 15 X 15', 1, 0.00, 1, 0, 0, 'UNIDAD', 56, '2023-09-28 12:50:38', 0.00),
(641, 'CAÑO100', 'CAÑO 100 X 100 X 2mm', 9, 0.00, 1, 0, 0, 'UNIDAD', 56, '2023-10-02 12:01:19', 0.00),
(642, 'SAP100', 'SAPITOS 100mm', 1, 0.00, 1, 0, 0, 'UNIDAD', 4, '2023-09-20 10:13:19', 0.00),
(643, 'SAP80', 'SAPITOS 80mm', 1, 0.00, 1, 0, 0, 'UNIDAD', 4, '2023-09-20 10:13:34', 0.00),
(644, 'POMOTRANS', 'POMO SELLADOR TRANSPARENTE', 1, 0.00, 1, 0, 0, 'UNIDAD', 56, '2023-09-28 12:54:18', 0.00),
(645, 'THINER', 'THINER X LT', 1, 0.00, 1, 0, 0, 'UNIDAD', 57, '2023-09-28 12:56:28', 0.00),
(646, 'DISCO', 'DISCO DE CORTE DIAMANTADO 230mm', 1, 0.00, 1, 0, 0, 'UNIDAD', 56, '2023-09-28 12:50:21', 0.00),
(647, 'CAÑO30x60', 'CAÑO 30 X 60 X 1.6mm', 1, 0.00, 1, 0, 0, 'UNIDAD', 56, '2023-09-28 12:48:44', 0.00),
(648, 'CHAPALB', 'CHAPA PREPINTADA LISA NEGRA 0.5 X 1220', 1, 0.00, 1, 0, 0, 'UNIDAD', 4, '2023-09-20 17:14:45', 0.00),
(649, 'CHAPPPGALVA', 'CHAPA PREPINTADA GALVANIZADA 0.5 X 1220', 1, 0.00, 1, 0, 0, 'UNIDAD', 4, '2023-09-20 17:16:19', 0.00),
(650, 'CAÑOPVCNEGRO', 'CAÑO PVC NEGRO 160', 1, 0.00, 1, 0, 0, 'UNIDAD', 56, '2023-09-28 12:48:56', 0.00),
(651, 'CODOPVCMH', 'CODO PVC MACHO/HEMBRA NEGRO 160', 1, 0.00, 1, 0, 0, 'UNIDAD', 56, '2023-09-28 12:49:34', 0.00),
(652, 'CUPLAS', 'CUPLAS PVC NEGRO 160', 1, 0.00, 1, 0, 0, 'UNIDAD', 56, '2023-09-28 12:50:18', 0.00),
(653, 'BOQUETAS', 'BOQUETAS 160', 1, 0.00, 1, 0, 0, 'UNIDAD', 56, '2023-09-28 12:47:53', 0.00),
(654, 'GUINDOLA', 'GUINDOLA', 1, 0.00, 1, 0, 0, 'UNIDAD', 57, '2023-09-28 12:51:53', 0.00),
(655, 'BAJPPBLANCA', 'BAJADAS PREPINTADAS BLANCAS', 1, 0.00, 1, 0, 0, 'UNIDAD', 4, '2023-09-21 10:13:50', 0.00),
(656, 'FICHASTECK', 'FICHA STECK PKE32M435', 1, 0.00, 1, 0, 0, 'UNIDAD', 56, '2023-09-28 12:51:13', 0.00),
(657, 'TOMASTECK', 'TOMA STECK PKF32F435', 1, 0.00, 1, 0, 0, 'UNIDAD', 56, '2023-09-28 12:56:33', 0.00),
(658, 'HOJAPORTON', 'HOJA PARA PORTON', 1, 0.00, 1, 0, 0, 'UNIDAD', 4, '2023-09-21 14:21:42', 0.00),
(659, 'CHAACAPPG', 'CHAPA ACANALADA PREPINTADA GRIS', 1, 0.00, 1, 0, 0, 'UNIDAD', 4, '2023-09-21 14:25:47', 0.00),
(660, 'ESQUINEROS', 'ESQUINEROS P/PORTON', 1, 0.00, 1, 0, 0, 'UNIDAD', 4, '2023-09-21 14:27:41', 0.00),
(661, 'RUEDAS', 'RUEDAS DE TEFLON', 1, 0.00, 1, 0, 0, 'UNIDAD', 56, '2023-09-28 12:55:24', 0.00),
(662, 'BISAGRAS', 'BISAGRAS', 1, 0.00, 1, 0, 0, 'UNIDAD', 56, '2023-09-28 12:47:21', 0.00),
(663, 'TORNT3FRE', 'TORNILLOS T3 FREZADOS CON ALA', 1, 0.00, 1, 0, 0, 'UNIDAD', 56, '2023-09-28 12:56:53', 0.00),
(664, 'CHAACAGALVA', 'CHAPA ACANALADA', 1, 0.00, 1, 0, 0, 'UNIDAD', 4, '2023-09-22 10:38:01', 0.00),
(665, 'BOQUETAS110', 'BOQUETAS 110', 1, 0.00, 1, 0, 0, 'UNIDAD', 56, '2023-09-28 12:47:47', 0.00),
(666, 'COMPENS', 'ADICIONALES', 1, 0.00, 1, 0, 0, 'UNIDAD', 4, '2023-09-22 13:20:26', 0.00),
(667, 'CHAPLEGADA', 'CHAPA NEGRA PLEGADA', 1, 0.00, 1, 0, 0, 'UNIDAD', 4, '2023-09-25 10:53:52', 0.00),
(668, 'CHAGALVALISA', 'CHAPA GALVANIZADA LISA', 1, 0.00, 1, 0, 0, 'UNIDAD', 4, '2023-09-25 12:10:00', 0.00),
(669, 'EXTRAEOLICO', 'EXTRACTOR EOLICO 24\"', 1, 0.00, 1, 0, 0, 'UNIDAD', 56, '2023-09-28 12:51:03', 0.00),
(670, 'EXTRACUELLO', 'CUELLO CON BASE PARA EXTRACTOR', 1, 0.00, 1, 0, 0, 'UNIDAD', 56, '2023-09-28 12:49:51', 0.00),
(671, 'CHAPLISAGRIS', 'CHAPA PREPINTADA LISA GRIS 0.5 X 1220', 1, 0.00, 1, 0, 0, 'UNIDAD', 4, '2023-09-25 12:21:08', 0.00),
(672, 'GOMACAUCHO', 'GOMA CAUCHO P/PISO (LUNARES)', 1, 0.00, 1, 0, 0, 'UNIDAD', 57, '2023-09-28 12:51:31', 0.00),
(673, 'CAJAREMACHE', 'CAJA REMACHES POP X 500un', 1, 0.00, 1, 0, 0, 'UNIDAD', 56, '2023-09-28 12:48:30', 0.00),
(674, 'CHAPAGALVA24', 'CHAPA GALVANIZADA N°24', 1, 0.00, 1, 0, 0, 'UNIDAD', 4, '2023-09-25 14:54:30', 0.00),
(675, 'CHATARRA', 'CHATARRA', 1, 0.00, 1, 0, 0, 'UNIDAD', 4, '2023-09-25 15:30:32', 0.00),
(676, 'ROLLOFF', 'ROLL OFF (C/ CHATARRA)', 1, 0.00, 1, 0, 0, 'UNIDAD', 4, '2023-09-25 15:32:24', 0.00),
(677, 'CANASTOS', 'CANASTOS 12mts', 1, 0.00, 1, 0, 0, 'PIEZA', 56, '2023-09-28 12:48:38', 0.00),
(678, 'REJAS', 'REJAS 1.67 X 2.95', 1, 0.00, 1, 0, 0, 'UNIDAD', 4, '2023-09-26 18:53:04', 0.00),
(679, 'REJJAS', 'REJA 1.23 X 0.99', 1, 0.00, 1, 0, 0, 'UNIDAD', 4, '2023-09-26 18:53:52', 0.00),
(680, 'REJASS', 'REJA 0.59 X 0.55', 1, 0.00, 1, 0, 0, 'UNIDAD', 4, '2023-09-26 18:54:25', 0.00),
(681, 'PGC100X0.7', 'PERFIL PGC 100 X 40 X 0.7', 1, 0.00, 1, 0, 0, 'UNIDAD', 4, '2023-09-27 10:28:33', 0.00),
(682, 'PGU100X0.7', 'PERFIL PGU 100 X 40 X 0.7', 1, 0.00, 1, 0, 0, 'UNIDAD', 4, '2023-09-27 10:28:58', 0.00),
(683, 'FIELTRO', 'FIELTRO', 1, 0.00, 1, 0, 0, 'UNIDAD', 56, '2023-09-28 12:51:18', 0.00),
(684, 'AGROTILENO', 'AGROTILENO NEGRO', 1, 0.00, 1, 0, 0, 'UNIDAD', 56, '2023-09-28 12:46:01', 0.00),
(685, 'CORREAFyF', 'CORREAS DE FRENTE Y FONDO', 1, 0.00, 1, 0, 0, 'UNIDAD', 4, '2023-09-27 13:40:47', 0.00),
(686, 'BOQUETAS100', 'BOQUETAS 100', 1, 0.00, 1, 0, 0, 'UNIDAD', 56, '2023-09-28 10:29:57', 0.20),
(687, 'ESTACAS40', 'ESTACAS 40CM H10 LISO', 1, 0.00, 1, 0, 0, 'UNIDAD', 56, '2023-09-28 11:18:23', 0.00),
(688, 'PINTSINTEGRIS', 'PINTURA SINTETICO GRIS', 1, 0.00, 1, 0, 0, 'UNIDAD', 56, '2023-09-29 13:18:41', 0.00),
(689, 'TEFLON', 'TEFLON', 1, 0.00, 1, 0, 0, 'UNIDAD', 56, '2023-09-29 13:19:24', 0.00),
(690, 'CANDADO', 'CANDADO', 1, 0.00, 1, 0, 0, 'UNIDAD', 56, '2023-09-29 13:25:32', 0.00),
(691, 'RECORTES', 'RECORTE AISLANTE', 1, 0.00, 1, 0, 0, 'UNIDAD', 56, '2023-10-02 10:45:32', 0.00),
(692, 'CAÑO80x60x1.6', 'CAÑO 80 X 60 X 1.6mm', 1, 0.00, 1, 0, 0, 'UNIDAD', 56, '2023-10-02 10:57:24', 0.00),
(693, '20x100x1.2', 'CAÑO 20 X 100 X 1.2', 80, 0.00, 1, 0, 0, 'UNIDAD', 56, '2023-10-02 11:58:03', 0.00),
(694, '12X12X0.9', 'CAÑO 12 X 12 X 0.9', 192, 0.00, 1, 0, 0, 'UNIDAD', 56, '2023-10-02 11:46:29', 0.00),
(695, '20X20X1.6', 'CAÑO 20 X 20 X 1.6', 364, 0.00, 1, 0, 0, 'UNIDAD', 56, '2023-10-02 11:58:32', 0.00),
(696, '30X50X1.6', 'CAÑO 30 X 50 X 1.6', 90, 0.00, 1, 0, 0, 'UNIDAD', 56, '2023-10-02 11:48:07', 0.00),
(697, '50X50X1.2', 'CAÑO 50 X 50 X 1.2', 270, 0.00, 1, 0, 0, 'UNIDAD', 56, '2023-10-02 12:45:47', 0.00),
(698, '1.3/4X1.2', 'CAÑO 1 3/4 X 1.2', 210, 0.00, 1, 0, 0, 'UNIDAD', 56, '2023-10-02 11:52:34', 0.00),
(699, '2\"X2', 'CAÑO 2\" X 2', 150, 0.00, 1, 0, 0, 'UNIDAD', 56, '2023-10-02 11:53:53', 0.00),
(700, '50X50X2', 'CAÑO 50 X 50 X 2', 50, 0.00, 1, 0, 0, 'UNIDAD', 56, '2023-10-02 12:46:12', 0.00),
(703, '50X50X1.6', 'CAÑO 50 X 50 X 1.6', 72, 0.00, 1, 0, 0, 'UNIDAD', 56, '2023-10-02 11:59:06', 0.00),
(704, '40X40X0.9', 'CAÑO 40 X 40 X 0.9', 312, 0.00, 1, 0, 0, 'UNIDAD', 56, '2023-10-02 12:48:05', 0.00),
(705, '20X50X0.9', 'CAÑO 20 X 50 X 0.9', 65, 0.00, 1, 0, 0, 'UNIDAD', 56, '2023-10-02 11:59:57', 0.00),
(706, '70X70X2', 'CAÑO 70 X 70 X 2', 42, 0.00, 1, 0, 0, 'UNIDAD', 56, '2023-10-02 12:00:29', 0.00),
(707, '20X30X2', 'CAÑO 20 X 30 X 2', 120, 0.00, 1, 0, 0, 'UNIDAD', 56, '2023-10-02 12:01:46', 0.00),
(708, '4.1/2X2', 'CAÑO 4\" 1/2 X 2', 24, 0.00, 1, 0, 0, 'UNIDAD', 56, '2023-10-02 12:02:10', 0.00),
(709, '5X1.6', 'CAÑO 5\" X 1.6', 70, 0.00, 1, 0, 0, 'UNIDAD', 56, '2023-10-02 12:47:39', 0.00),
(710, '20X40X0.9', 'CAÑO 20 X 40 X 0.9', 68, 0.00, 1, 0, 0, 'UNIDAD', 56, '2023-10-02 12:03:12', 0.00),
(711, '10X20X0.85', 'CAÑO 10 X 20 X 0.85', 242, 0.00, 1, 0, 0, 'UNIDAD', 56, '2023-10-02 12:03:51', 0.00),
(712, '2.1/2X1.2', 'CAÑO 2\" 1/2 X 1.2', 112, 0.00, 1, 0, 0, 'UNIDAD', 56, '2023-10-02 12:48:46', 0.00),
(714, '3\"X1.2', 'CAÑO 3\" X 1.2', 38, 0.00, 1, 0, 0, 'UNIDAD', 56, '2023-10-02 12:08:10', 0.00),
(715, '53X25X1.2', 'CAÑO 53 X 25 X 1.2', 120, 0.00, 1, 0, 0, 'UNIDAD', 56, '2023-10-02 12:08:53', 0.00),
(716, '1\"X1.6', 'CAÑO 1\" X 1.6', 432, 0.00, 1, 0, 0, 'UNIDAD', 56, '2023-10-02 12:49:18', 0.00),
(717, '1\"1/8X1.6', 'CAÑO 1\" 1/8 X 1.6', 312, 0.00, 1, 0, 0, 'UNIDAD', 56, '2023-10-02 12:49:46', 0.00),
(719, '60x60x1.6', 'CAÑO 60 X 60 X 1.6', 56, 0.00, 1, 0, 0, 'UNIDAD', 56, '2023-10-02 12:32:31', 0.00),
(720, '20X40X1.2', 'CAÑO 20 X 40 X 1.2', 211, 0.00, 1, 0, 0, 'UNIDAD', 56, '2023-10-02 17:22:47', 0.00),
(721, '40X50X1.6', 'CAÑO 40 X 50 X 1.6', 80, 0.00, 1, 0, 0, 'UNIDAD', 56, '2023-10-02 12:33:29', 0.00),
(722, '20X40X2', 'CAÑO 20 X 40 X 2', 96, 0.00, 1, 0, 0, 'UNIDAD', 56, '2023-10-02 12:33:59', 0.00),
(723, '15X15X0.9', 'CAÑO 15 X 15 X 0.9', 645, 0.00, 1, 0, 0, 'UNIDAD', 56, '2023-10-02 12:58:45', 0.00),
(724, '80X80X2.5', 'CAÑO 80 X 80 X 2.5', 30, 0.00, 1, 0, 0, 'UNIDAD', 56, '2023-10-02 12:34:44', 0.00),
(725, '60X80X2', 'CAÑO 60 X 80 X 2', 97, 0.00, 1, 0, 0, 'UNIDAD', 56, '2023-10-02 12:47:04', 0.00),
(728, '50X50X0.9', 'CAÑO 50 X 50 X 0.9', 90, 0.00, 1, 0, 0, 'UNIDAD', 56, '2023-10-02 12:36:27', 0.00),
(729, '40X40X2', 'CAÑO 40 X 40 X 2', 72, 0.00, 1, 0, 0, 'UNIDAD', 56, '2023-10-02 12:36:46', 0.00),
(730, '35X35X0.9', 'CAÑO 35 X 35 X 0.9', 132, 0.00, 1, 0, 0, 'UNIDAD', 56, '2023-10-02 12:39:02', 0.00),
(732, '30X30X1.6', 'CAÑO 30 X 30 X 1.6', 92, 0.00, 1, 0, 0, 'UNIDAD', 56, '2023-10-02 12:39:47', 0.00),
(733, '20X20X0.9', 'CAÑO 20 X 20 X 0.9', 480, 0.00, 1, 0, 0, 'UNIDAD', 56, '2023-10-02 17:21:44', 0.00),
(734, '15X20X1.2', 'CAÑO 15 X 20 X 1.2', 70, 0.00, 1, 0, 0, 'UNIDAD', 56, '2023-10-02 12:40:42', 0.00),
(735, '3X2', 'CAÑO 3\" X 2', 96, 0.00, 1, 0, 0, 'UNIDAD', 56, '2023-10-02 12:41:13', 0.00),
(736, '1X0.9', 'CAÑO 1\" X 0.9', 240, 0.00, 1, 0, 0, 'UNIDAD', 56, '2023-10-02 12:41:38', 0.00),
(738, '3/4X1.2', 'CAÑO 3/4\" X 1.2', 221, 0.00, 1, 0, 0, 'UNIDAD', 56, '2023-10-02 12:42:29', 0.00),
(739, '5X2', 'CAÑO 5\" X 2', 38, 0.00, 1, 0, 0, 'UNIDAD', 56, '2023-10-02 12:43:00', 0.00),
(740, '1.1/2X2', 'CAÑO 1\" 1/2 X 2', 94, 0.00, 1, 0, 0, 'UNIDAD', 56, '2023-10-02 12:43:34', 0.00),
(741, '1.1/8X1.2', 'CAÑO 1\" 1/8 X 1.2', 720, 0.00, 1, 0, 0, 'UNIDAD', 56, '2023-10-02 12:44:09', 0.00),
(743, '3.1/2X1.6', 'CAÑO 3\" 1/2 X 1.6', 72, 0.00, 1, 0, 0, 'UNIDAD', 56, '2023-10-02 12:54:14', 0.00),
(744, '3.1/2X2', 'CAÑO 3\" 1/2 X 2', 111, 0.00, 1, 0, 0, 'UNIDAD', 56, '2023-10-02 12:53:38', 0.00),
(745, '60X80X1.2', 'CAÑO 60 X 80 X 1.2', 48, 0.00, 1, 0, 0, 'UNIDAD', 56, '2023-10-02 12:54:52', 0.00),
(746, '50X70X1.6', 'CAÑO 50 X 70 X 1.6', 112, 0.00, 1, 0, 0, 'UNIDAD', 56, '2023-10-02 12:55:21', 0.00),
(748, '70X70X2.5', 'CAÑO 70 X 70 X 2.5', 72, 0.00, 1, 0, 0, 'UNIDAD', 56, '2023-10-02 12:56:32', 0.00),
(749, '25X25X1.6', 'CAÑO 25 X 25 X 1.6', 144, 0.00, 1, 0, 0, 'UNIDAD', 56, '2023-10-02 12:57:00', 0.00),
(750, '20X40X1.6', 'CAÑO 20 X 40 X 1.6', 90, 0.00, 1, 0, 0, 'UNIDAD', 56, '2023-10-02 12:57:27', 0.00),
(751, '20X60X1.6', 'CAÑO 20 X 60 X 1.6', 84, 0.00, 1, 0, 0, 'UNIDAD', 56, '2023-10-02 12:57:55', 0.00),
(752, '10x20x1.2', 'CAÑO 10 X 20 X 1.2', 120, 0.00, 1, 0, 0, 'UNIDAD', 56, '2023-10-02 17:17:18', 0.00),
(755, '20X50X1.6', 'CAÑO 20 X 50 X 1.6', 16, 0.00, 1, 0, 0, 'UNIDAD', 56, '2023-10-02 17:18:34', 0.00),
(756, '1.1/4X1.2', 'CAÑO 1\" 1/4 X 1.2', 120, 0.00, 1, 0, 0, 'UNIDAD', 56, '2023-10-02 17:19:02', 0.00),
(757, '2X1.6', 'CAÑO 2\" X 1.6', 72, 0.00, 1, 0, 0, 'UNIDAD', 56, '2023-10-02 17:19:22', 0.00),
(758, '1X1.6', 'CAÑO 1\" X 1.6', 176, 0.00, 1, 0, 0, 'UNIDAD', 56, '2023-10-02 17:19:41', 0.00),
(759, '7/8X1.6', 'CAÑO 7/8\" X 1.6', 238, 0.00, 1, 0, 0, 'UNIDAD', 56, '2023-10-02 17:20:06', 0.00),
(760, '3X1.6', 'CAÑO 3\" X 1.6', 183, 0.00, 1, 0, 0, 'UNIDAD', 56, '2023-10-02 17:21:14', 0.00),
(761, '1.1/4X2', 'CAÑO 1\" 1/4 X 2', 375, 0.00, 1, 0, 0, 'UNIDAD', 56, '2023-10-02 17:26:04', 0.00),
(762, '25X25X1.6', 'CAÑO 25 X 25 X 1.6', 120, 0.00, 1, 0, 0, 'UNIDAD', 56, '2023-10-02 18:17:11', 0.00),
(763, '35X35X2', 'CAÑO 35 X 35 X 2', 80, 0.00, 1, 0, 0, 'UNIDAD', 56, '2023-10-02 18:19:40', 0.00),
(765, '4X1.6', 'CAÑO 4\" X 1.6', 37, 0.00, 1, 0, 0, 'UNIDAD', 56, '2023-10-02 18:21:20', 0.00),
(766, 'ANCLAJEQUI', 'ANCLAJE QUIMICO WEBER', 1, 0.00, 1, 0, 0, 'UNIDAD', 56, '2023-10-03 09:58:31', 0.00),
(767, 'ESTACAS', 'ESTACAS 80CM H16 CONSTRUCCION', 1, 0.00, 1, 0, 0, 'UNIDAD', 56, '2023-10-03 10:09:26', 0.00),
(768, 'ELECTRODOS', 'ELECTRODOS 3.25\"', 1, 0.00, 1, 0, 0, 'UNIDAD', 56, '2023-10-03 10:17:38', 0.00),
(769, 'PLEGANEGRO', 'PLEGADOS CHAPA NEGRA', 1, 0.00, 1, 0, 0, 'UNIDAD', 56, '2023-10-03 10:20:51', 0.00),
(770, 'ESTRUCCORREAS', 'ESTRUCTURA DE CORREAS C100', 1, 0.00, 1, 0, 0, 'UNIDAD', 4, '2023-10-03 10:26:07', 0.00),
(772, 'ESTRUCCORREAS120', 'ESTRUCTURA DE CORREAS C120', 1, 0.00, 1, 0, 0, 'UNIDAD', 4, '2023-10-03 10:26:20', 0.00),
(773, 'ESTRUCCORREAS140', 'ESTRUCTURA DE CORREAS C140', 1, 0.00, 1, 0, 0, 'UNIDAD', 4, '2023-10-03 10:26:29', 0.00),
(774, 'ESTRUCCORREAS160', 'ESTRUCTURA DE CORREAS C160', 1, 0.00, 1, 0, 0, 'UNIDAD', 4, '2023-10-03 10:26:43', 0.00),
(775, 'DISYUNTOR', 'DISYUNTOR TETRAPOLAR 63A', 3, 0.00, 1, 0, 0, 'UNIDAD', 57, '2023-10-03 12:26:53', 0.00),
(776, 'TERMICATETRA', 'TERMICA TETRAPOLAR 63A', 3, 0.00, 1, 0, 0, 'UNIDAD', 57, '2023-10-03 12:27:24', 0.00),
(777, 'TERMICABIPOLAR', 'TERMICA BIPOLAR 63A', 3, 0.00, 1, 0, 0, 'UNIDAD', 57, '2023-10-03 12:27:50', 0.00),
(778, 'TOMATRIFASICO', 'TOMA TRIFÁSICO C/ NEUTRO', 6, 0.00, 1, 0, 0, 'UNIDAD', 57, '2023-10-03 12:28:25', 0.00),
(779, 'TOMAMONO', 'TOMA MONOFÁSICO', 6, 0.00, 1, 0, 0, 'UNIDAD', 57, '2023-10-03 12:29:00', 0.00),
(780, 'CAPSULATOMA', 'CAPSULA PARA EMBUTIR', 12, 0.00, 1, 0, 0, 'UNIDAD', 57, '2023-10-03 12:29:29', 0.00),
(781, 'GUIASBAJAS', 'GUIAS BAJAS CON PELOS', 1, 0.00, 1, 0, 0, 'UNIDAD', 4, '2023-10-03 12:37:13', 0.00),
(782, 'CINTATRAMADA', 'CINTA TRAMADA DE 20MM X 25MTS', 1, 0.00, 1, 0, 0, 'UNIDAD', 56, '2023-10-03 16:49:17', 0.00),
(783, 'LIJAA160', 'LIJA AL AGUA X 160', 1, 0.00, 1, 0, 0, 'UNIDAD', 56, '2023-10-03 16:49:56', 0.00),
(784, 'RODILLO', 'RODILLO', 1, 0.00, 1, 0, 0, 'UNIDAD', 56, '2023-10-03 16:50:25', 0.00),
(785, 'BROCA', 'BROCA 8mm', 10000, 0.00, 10, 0, 0, 'UNIDAD', 56, '2023-10-03 16:51:58', 0.00),
(786, 'ZUNCHO', 'ZUNCHO', 1, 0.00, 1, 0, 0, 'UNIDAD', 57, '2023-10-04 10:30:48', 0.00),
(788, 'CON20X100', 'CONECTORES 20 X 100', 10, 0.00, 1, 0, 0, 'UNIDAD', 56, '2023-10-04 13:06:52', 0.00),
(789, 'CAJOC7X7', 'CAJA OCTOGONAL 7 X 7', 10, 0.00, 1, 0, 0, 'UNIDAD', 56, '2023-10-04 13:07:16', 0.00),
(790, 'CAJREC5X10', 'CAJA RECTANGULAR 5 X 10', 10, 0.00, 1, 0, 0, 'UNIDAD', 56, '2023-10-04 13:07:41', 0.00),
(791, 'GRAMPAS', 'CAJA DE GRAMPAS DE 20mm', 10, 0.00, 1, 0, 0, 'UNIDAD', 56, '2023-10-04 13:10:20', 0.00),
(792, 'CINTATRADURLOCK', 'CINTA TRAMADA P/DURLOCK', 1, 0.00, 1, 0, 0, 'UNIDAD', 56, '2023-10-04 16:34:39', 0.00);

-- --------------------------------------------------------

--
-- Estructura de tabla para la tabla `items`
--

CREATE TABLE `items` (
  `id` int(11) NOT NULL,
  `descripcion` varchar(100) NOT NULL
) ENGINE=InnoDB DEFAULT CHARSET=utf8mb4 COLLATE=utf8mb4_general_ci;

-- --------------------------------------------------------

--
-- Estructura de tabla para la tabla `materias_primas`
--

CREATE TABLE `materias_primas` (
  `id` int(11) NOT NULL,
  `codigo` varchar(100) NOT NULL,
  `producto` varchar(250) NOT NULL,
  `existencia` int(11) NOT NULL,
  `precio` decimal(10,2) NOT NULL,
  `minimo` int(11) NOT NULL,
  `venta` float NOT NULL,
  `compra` float NOT NULL,
  `unidad` varchar(50) NOT NULL,
  `id_categoria` int(11) NOT NULL,
  `fecha` timestamp NOT NULL DEFAULT current_timestamp() ON UPDATE current_timestamp(),
  `pesounitario` decimal(10,2) NOT NULL
) ENGINE=InnoDB DEFAULT CHARSET=utf8mb4 COLLATE=utf8mb4_general_ci;

--
-- Volcado de datos para la tabla `materias_primas`
--

INSERT INTO `materias_primas` (`id`, `codigo`, `producto`, `existencia`, `precio`, `minimo`, `venta`, `compra`, `unidad`, `id_categoria`, `fecha`, `pesounitario`) VALUES
(382, 'CHA6.4X10', 'CHAPA 6.4 X 10mts', 68, 0.00, 10, 0, 0, 'UNIDAD', 54, '2023-09-26 18:07:00', 758.00),
(383, 'CHA4.8X10', 'CHAPA 4.8 X 10mts', 66, 0.00, 10, 0, 0, 'UNIDAD', 54, '2023-09-29 11:28:04', 565.00),
(384, 'CHA4.8X8', 'CHAPA 4.8 X 8mts', 206, 0.00, 10, 0, 0, 'UNIDAD', 54, '2023-09-29 11:25:56', 450.00),
(385, 'CHA4.8X12', 'CHAPA 4.8 X 12mts', 148, 0.00, 10, 0, 0, 'UNIDAD', 54, '2023-09-29 15:48:09', 675.00),
(386, 'CHA6.4X8', 'CHAPA 6.4 X 8mts', 169, 0.00, 10, 0, 0, 'UNIDAD', 54, '2023-09-29 11:27:15', 602.00),
(387, 'CHA7.9X12', 'CHAPA 7.9 X 12mts', 259, 0.00, 10, 0, 0, 'UNIDAD', 54, '2023-09-26 18:03:33', 1141.00),
(388, 'CHA12.5X6', 'CHAPA 12.5 X 6mts', 15, 0.00, 5, 0, 0, 'UNIDAD', 54, '2023-08-25 16:29:33', 886.00),
(389, 'CHA10X12', 'CHAPA 10 X 12mts', 28, 0.00, 10, 0, 0, 'UNIDAD', 54, '2023-09-26 18:04:07', 1336.00),
(390, 'CHA3.2X3', 'CHAPA 3.2 X 3mts', 115, 0.00, 10, 0, 0, 'UNIDAD', 54, '2023-09-19 11:32:15', 113.00),
(391, 'CHA6.4X12', 'CHAPA 6.4 X 12mts', 175, 0.00, 10, 0, 0, 'UNIDAD', 54, '2023-09-29 15:49:06', 898.00),
(396, 'GALVA0.30X1000', 'BOBINA GALVANIZADA 0.30 X 1000', 1, 0.00, 5, 0, 0, 'UNIDAD', 3, '2023-09-01 18:11:10', 3360.00),
(397, 'GALVA0.36X818', 'BOBINA GALVANIZADA 0.36 X 818', 2, 0.00, 1, 0, 0, 'UNIDAD', 3, '2023-09-01 18:11:34', 5935.00),
(398, 'GALVA0.40X1000', 'BOBINA GALVANIZADA 0.40 X 1000', 2, 0.00, 1, 0, 0, 'UNIDAD', 3, '2023-09-01 18:10:39', 9333.00),
(399, 'BOB0.4X1220', 'BOBINA PREPINTADA BLANCA 0.4 X 1220', 6, 0.00, 1, 0, 0, 'UNIDAD', 3, '2023-09-06 15:19:11', 4633.00),
(400, 'BOB0.4X1220', 'BOBINA PREPINTADA ROJA 0.4 X 1220', 4, 0.00, 1, 0, 0, 'UNIDAD', 3, '2023-09-06 15:17:25', 4314.00),
(401, 'GALVA0.5X1080', 'BOBINA GALVANIZADA 0.5 X 1080', 1, 0.00, 1, 0, 0, 'UNIDAD', 3, '2023-09-01 18:11:57', 3220.00),
(402, 'GALVA0.5X1220', 'BOBINA GALVANIZADA 0.5 X 1220', 17, 0.00, 1, 0, 0, 'UNIDAD', 3, '2023-09-12 15:27:12', 6682.29),
(403, 'BOBC0.5X1220', 'BOBINA CINCALUM 0.5 X 1220', 9, 0.00, 7, 0, 0, 'UNIDAD', 3, '2023-09-12 15:30:42', 8094.78),
(404, 'BOB0.5X1220', 'BOBINA PREPINTADA BLANCA 0.5 X 1220', 22, 0.00, 1, 0, 0, 'UNIDAD', 3, '2023-09-01 17:39:27', 5227.00),
(405, 'BOB0.5X1220', 'BOBINA PREPINTADA NEGRA 0.5 X 1220', 4, 0.00, 1, 0, 0, 'UNIDAD', 3, '2023-09-12 15:30:08', 4888.00),
(406, 'BOBLF0.5X1220', 'BOBINA LAMINADA EN FRIO 0.5 X 1220', 2, 0.00, 1, 0, 0, 'UNIDAD', 3, '2023-09-01 17:41:52', 10405.00),
(407, 'BOB0.5X1220', 'BOBINA PREPINTADA GRIS 0.5 X 1220', 34, 0.00, 1, 0, 0, 'UNIDAD', 3, '2023-09-01 17:42:43', 4250.00),
(408, 'BOB0.5X1220', 'BOBINA PREPINTADA ROJA 0.5 X 1220', 5, 0.00, 1, 0, 0, 'UNIDAD', 3, '2023-09-01 17:44:14', 5447.00),
(409, 'GALVA0.5X915', 'BOBINA GALVANIZADA 0.5 X 915', 1, 0.00, 1, 0, 0, 'UNIDAD', 3, '2023-09-01 17:45:32', 4580.00),
(410, 'GALVA0.5X1124', 'BOBINA GALVANIZADA 0.5 X 1124', 1, 0.00, 1, 0, 0, 'UNIDAD', 3, '2023-09-01 17:46:25', 10200.00),
(411, 'GALVA07X1000', 'BOBINA GALVANIZADA 0.7 X 1000', 8, 0.00, 1, 0, 0, 'UNIDAD', 3, '2023-09-01 17:47:20', 6083.00),
(412, 'BOBC0.7X1220', 'BOBINA CINCALUM 0.7 X 1220', 6, 0.00, 1, 0, 0, 'UNIDAD', 3, '2023-09-01 17:48:23', 7326.00),
(413, 'GALVA0.7X1220', 'BOBINA GALVANIZADA 0.7 X 1220', 16, 0.00, 1, 0, 0, 'UNIDAD', 3, '2023-09-01 17:49:28', 6552.00),
(414, 'GALVA0.9X1220', 'BOBINA GALVANIZADA 0.9 X 1220', 11, 0.00, 1, 0, 0, 'UNIDAD', 3, '2023-09-12 14:18:11', 6184.54),
(415, 'BOBLF0.9X1220', 'BOBINA LAMINADA EN FRIO 0.9 X 1220', 1, 0.00, 1, 0, 0, 'UNIDAD', 3, '2023-09-01 17:54:36', 10460.00),
(416, 'GALVA1.06X1220', 'BOBINA GALVANIZADA 1.06 X 1220', 1, 0.00, 1, 0, 0, 'UNIDAD', 3, '2023-09-01 17:55:33', 5715.00),
(417, 'GALVA1.25X1220', 'BOBINA GALVANIZADA 1.25 X 1220', 7, 0.00, 1, 0, 0, 'UNIDAD', 3, '2023-09-01 17:56:25', 9835.00),
(418, 'BOBLF1.25X1220', 'BOBINA LAMINADA EN FRIO 1.25 X 1220', 1, 0.00, 1, 0, 0, 'UNIDAD', 3, '2023-09-01 17:57:11', 10550.00),
(419, 'GALVA1.5X1220', 'BOBINA GALVANIZADA 1.5 X 1220', 1, 0.00, 1, 0, 0, 'UNIDAD', 3, '2023-09-01 17:57:52', 10115.00),
(420, 'GALVA1.6X1000', 'BOBINA GALVANIZADA 1.6 X 1000', 4, 0.00, 1, 0, 0, 'UNIDAD', 3, '2023-09-01 17:58:56', 7542.00),
(421, 'GALVA1.6X1190', 'BOBINA GALVANIZADA 1.6 X 1190', 2, 0.00, 1, 0, 0, 'UNIDAD', 3, '2023-09-01 17:59:56', 7035.00),
(422, 'GALVA1.6X1200', 'BOBINA GALVANIZADA 1.6 X 1200', 1, 0.00, 1, 0, 0, 'UNIDAD', 3, '2023-09-01 18:00:42', 9240.00),
(423, 'GALVA1.6X1200', 'BOBINA GALVANIZADA 1.6 X 1220', 9, 0.00, 1, 0, 0, 'UNIDAD', 3, '2023-09-01 18:01:38', 8692.00),
(424, 'GALVA1.8X1220', 'BOBINA GALVANIZADA 1.8 X 1220', 2, 0.00, 1, 0, 0, 'UNIDAD', 3, '2023-09-12 13:12:49', 8075.00),
(425, 'GALVA1.9X720', 'BOBINA GALVANIZADA 1.9 X 720', 2, 0.00, 1, 0, 0, 'UNIDAD', 3, '2023-09-01 18:03:22', 4385.00),
(426, 'GALVA2X1180', 'BOBINA GALVANIZADA 2 X 1180', 1, 0.00, 1, 0, 0, 'UNIDAD', 3, '2023-09-01 18:04:01', 1480.00),
(427, 'GALVA2X1220', 'BOBINA GALVANIZADA 2 X 1220', 2, 0.00, 1, 0, 0, 'UNIDAD', 3, '2023-09-19 11:27:59', 10826.50),
(428, 'GALVA2.5X1140', 'BOBINA GALVANIZADA 2.5 X 1140', 1, 0.00, 1, 0, 0, 'UNIDAD', 3, '2023-09-01 18:05:38', 10065.00),
(429, 'GALVA2.5X1220', 'BOBINA GALVANIZADA 2.5 X 1220', 6, 0.00, 1, 0, 0, 'UNIDAD', 3, '2023-09-01 18:06:20', 9146.00),
(430, 'GALVA2.5X825', 'BOBINA GALVANIZADA 2.5 X 825', 1, 0.00, 1, 0, 0, 'UNIDAD', 3, '2023-09-01 18:06:55', 2430.00),
(431, 'BOBLC2.6X760', 'BOBINA LAMINADA EN CALIENTE DECAPADA 2.6 X 760', 1, 0.00, 1, 0, 0, 'UNIDAD', 3, '2023-09-01 18:07:57', 3330.00),
(432, 'GALVA2.75X960', 'BOBINA GALVANIZADA 2.75 X 960', 1, 0.00, 1, 0, 0, 'UNIDAD', 3, '2023-09-01 18:08:41', 8080.00),
(433, 'GALVA3.2X1220', 'BOBINA GALVANIZADA 3.2 X 1220', 2, 0.00, 1, 0, 0, 'UNIDAD', 3, '2023-09-01 18:10:05', 10543.00),
(479, 'BOBLFN0.9X1220', 'BOBINA LAMINADA EN FRIO NEGRA 0.9 X 1220', 2, 0.00, 1, 0, 0, 'UNIDAD', 3, '2023-09-06 16:31:49', 10835.00),
(480, 'BOBLFN1.25X1220', 'BOBINA LAMINADA EN FRIO NEGRA 1.25 X 1220', 1, 0.00, 1, 0, 0, 'UNIDAD', 3, '2023-09-06 16:33:04', 10070.00),
(481, 'BOBLCN1.25X1220', 'BOBINA LAMINADA EN CALIENTE NEGRA 1.25 X 1220', 1, 0.00, 1, 0, 0, 'UNIDAD', 3, '2023-09-06 16:34:40', 10465.00),
(482, 'BOBLCN1.6X1025', 'BOBINA LAMINADA EN CALIENTE NEGRA 1.6 X 1025', 2, 0.00, 1, 0, 0, 'UNIDAD', 3, '2023-09-06 16:36:06', 9415.00),
(483, 'BOBLCN1.8X840', 'BOBINA LAMINADA EN CALIENTE NEGRA 1.8 X 840', 1, 0.00, 1, 0, 0, 'UNIDAD', 3, '2023-09-06 16:40:24', 2170.00),
(484, 'BOBLCN1.8X940', 'BOBINA LAMINADA EN CALIENTE NEGRA 1.8 X 940', 1, 0.00, 1, 0, 0, 'UNIDAD', 3, '2023-09-06 16:42:13', 2500.00),
(485, 'BOBLCN10.9X1245', 'BOBINA LAMINADA EN CALIENTE NEGRA 10.9 X 1245', 1, 0.00, 1, 0, 0, 'UNIDAD', 3, '2023-09-06 16:43:35', 11360.00),
(486, 'BOBLCN2X1055', 'BOBINA LAMINADA EN CALIENTE NEGRA 2 X 1055', 1, 0.00, 1, 0, 0, 'UNIDAD', 3, '2023-09-06 16:45:01', 3118.00),
(487, 'BOBLCN2X1245', 'BOBINA LAMINADA EN CALIENTE NEGRA 2 X 1245', 10, 0.00, 1, 0, 0, 'UNIDAD', 3, '2023-09-06 16:51:25', 10387.00),
(488, 'BOBLCN2.4X920', 'BOBINA LAMINADA EN CALIENTE NEGRA 2.4 X 920', 6, 0.00, 1, 0, 0, 'UNIDAD', 3, '2023-09-06 16:50:31', 2930.00),
(489, 'BOBLCN2.6X1005', 'BOBINA LAMINADA EN CALIENTE NEGRA 2.6 X 1005', 1, 0.00, 1, 0, 0, 'UNIDAD', 3, '2023-09-06 16:47:39', 7690.00),
(490, 'BOBLCN2.6X1023', 'BOBINA LAMINADA EN CALIENTE NEGRA 2.6 X 1023', 1, 0.00, 1, 0, 0, 'UNIDAD', 3, '2023-09-06 16:48:34', 9180.00),
(491, 'BOBLCN2.6X1150', 'BOBINA LAMINADA EN CALIENTE NEGRA 2.6 X 1150', 2, 0.00, 1, 0, 0, 'UNIDAD', 3, '2023-09-06 16:52:41', 1745.00),
(492, 'BOBLCN2.6X1173', 'BOBINA LAMINADA EN CALIENTE NEGRA 2.6 X 1173', 2, 0.00, 1, 0, 0, 'UNIDAD', 3, '2023-09-06 16:53:33', 4725.00),
(493, 'BOBLCN2.6X823', 'BOBINA LAMINADA EN CALIENTE NEGRA 2.6 X 823', 1, 0.00, 1, 0, 0, 'UNIDAD', 3, '2023-09-06 16:54:25', 7400.00),
(494, 'BOBLCN2.6X883', 'BOBINA LAMINADA EN CALIENTE NEGRA 2.6 X 883', 2, 0.00, 1, 0, 0, 'UNIDAD', 3, '2023-09-06 16:55:35', 4810.00),
(495, 'BOBLCN2.63X1164', 'BOBINA LAMINADA EN CALIENTE NEGRA 2.63 X 1164', 1, 0.00, 1, 0, 0, 'UNIDAD', 3, '2023-09-06 16:56:23', 8700.00),
(496, 'BOBLCN2.72X710', 'BOBINA LAMINADA EN CALIENTE NEGRA 2.72 X 710', 1, 0.00, 1, 0, 0, 'UNIDAD', 3, '2023-09-06 16:57:23', 19867.00),
(497, 'BOBLCN2.75X1240', 'BOBINA LAMINADA EN CALIENTE NEGRA 2.75 X 1240', 1, 0.00, 1, 0, 0, 'UNIDAD', 3, '2023-09-06 16:58:18', 3410.00),
(498, 'BOBLCN2.75X933', 'BOBINA LAMINADA EN CALIENTE NEGRA 2.75 X 933', 1, 0.00, 1, 0, 0, 'UNIDAD', 3, '2023-09-06 16:59:39', 8480.00),
(499, 'BOBLCN2.8X1005', 'BOBINA LAMINADA EN CALIENTE NEGRA 2.8 X 1005', 1, 0.00, 1, 0, 0, 'UNIDAD', 3, '2023-09-06 17:11:59', 5370.00),
(500, 'BOBLCN2.9X1160', 'BOBINA LAMINADA EN CALIENTE NEGRA 2.9 X 1160', 4, 0.00, 1, 0, 0, 'UNIDAD', 3, '2023-09-06 17:13:00', 4001.00),
(501, 'BOBLCN2.9X1182', 'BOBINA LAMINADA EN CALIENTE NEGRA 2.9 X 1182', 2, 0.00, 1, 0, 0, 'UNIDAD', 3, '2023-09-06 17:14:05', 9880.00),
(502, 'BOBLCN2.9X1183', 'BOBINA LAMINADA EN CALIENTE NEGRA 2.9 X 1183', 1, 0.00, 1, 0, 0, 'UNIDAD', 3, '2023-09-06 17:15:05', 10310.00),
(503, 'BOBLCN2.9X1200', 'BOBINA LAMINADA EN CALIENTE NEGRA 2.9 X 1200', 1, 0.00, 1, 0, 0, 'UNIDAD', 3, '2023-09-06 17:15:52', 1870.00),
(504, 'BOBLCN2.9X1203', 'BOBINA LAMINADA EN CALIENTE NEGRA 2.9 X 1203', 1, 0.00, 1, 0, 0, 'UNIDAD', 3, '2023-09-06 17:17:00', 2049.00),
(505, 'BOBLCN2.9X1223', 'BOBINA LAMINADA EN CALIENTE NEGRA 2.9 X 1223', 1, 0.00, 1, 0, 0, 'UNIDAD', 3, '2023-09-06 17:17:47', 10630.00),
(506, 'BOBLCN3.6X1320', 'BOBINA LAMINADA EN CALIENTE NEGRA 3.6 X 1320', 2, 0.00, 1, 0, 0, 'UNIDAD', 3, '2023-09-06 17:18:41', 1885.00),
(507, 'BOBLCN3.8X1260', 'BOBINA LAMINADA EN CALIENTE NEGRA 3.8 X 1260', 1, 0.00, 1, 0, 0, 'UNIDAD', 3, '2023-09-06 17:19:21', 2680.00),
(508, 'BOBLCN3.8X1300', 'BOBINA LAMINADA EN CALIENTE NEGRA 3.8 X 1300', 1, 0.00, 1, 0, 0, 'UNIDAD', 3, '2023-09-06 17:19:56', 1950.00),
(509, 'BOBLCN3.8X920', 'BOBINA LAMINADA EN CALIENTE NEGRA 3.8 X 920', 1, 0.00, 1, 0, 0, 'UNIDAD', 3, '2023-09-06 17:20:44', 8190.00),
(510, 'BOBLCN4.2X1300', 'BOBINA LAMINADA EN CALIENTE NEGRA 4.2 X 1300', 1, 0.00, 1, 0, 0, 'UNIDAD', 3, '2023-09-06 17:21:22', 4710.00),
(511, 'BOBLCN4.15X915', 'BOBINA LAMINADA EN CALIENTE NEGRA 4.15 X 915', 1, 0.00, 1, 0, 0, 'UNIDAD', 3, '2023-09-06 17:22:04', 6530.00),
(512, 'BOBLCN5.8X1025', 'BOBINA LAMINADA EN CALIENTE NEGRA 5.8 X 1025', 1, 0.00, 1, 0, 0, 'UNIDAD', 3, '2023-09-06 17:22:47', 2100.00),
(513, 'BOBLCN6.3X870', 'BOBINA LAMINADA EN CALIENTE NEGRA 6.3 X 870', 2, 0.00, 1, 0, 0, 'UNIDAD', 3, '2023-09-06 17:23:32', 7410.00),
(514, 'BOBLCN6.3X910', 'BOBINA LAMINADA EN CALIENTE NEGRA 6.3 X 910', 1, 0.00, 1, 0, 0, 'UNIDAD', 3, '2023-09-06 17:24:13', 8159.00),
(515, 'BOBLCN6.35X1036', 'BOBINA LAMINADA EN CALIENTE NEGRA 6.35 X 1036', 1, 0.00, 1, 0, 0, 'UNIDAD', 3, '2023-09-06 17:24:53', 8230.00),
(516, 'BOBLCN6.35X720', 'BOBINA LAMINADA EN CALIENTE NEGRA 6.35 X 720', 1, 0.00, 1, 0, 0, 'UNIDAD', 3, '2023-09-06 17:25:29', 6563.00),
(517, 'BOBLCN6.35X740', 'BOBINA LAMINADA EN CALIENTE NEGRA 6.35 X 740', 3, 0.00, 1, 0, 0, 'UNIDAD', 3, '2023-09-06 17:26:11', 6707.00),
(518, 'BOBLCN6.55X930', 'BOBINA LAMINADA EN CALIENTE NEGRA 6.55 X 930', 1, 0.00, 1, 0, 0, 'UNIDAD', 3, '2023-09-06 17:26:55', 2160.00),
(519, 'BOBLCN6.7X870', 'BOBINA LAMINADA EN CALIENTE NEGRA 6.7 X 870', 1, 0.00, 1, 0, 0, 'UNIDAD', 3, '2023-09-06 17:27:29', 7280.00),
(520, 'BOBLCN8X820', 'BOBINA LAMINADA EN CALIENTE NEGRA 8 X 820', 1, 0.00, 1, 0, 0, 'UNIDAD', 3, '2023-09-06 17:27:59', 7239.00),
(540, 'FLEJ0.9X179', 'FLEJE GALVANIZADO 0.90 X 179', 18, 0.00, 1, 0, 0, 'UNIDAD', 55, '2023-09-11 15:36:49', 864.55),
(541, 'FLEJ0.9X213', 'FLEJE GALVANIZADO 0.90 X 213', 42, 0.00, 1, 0, 0, 'UNIDAD', 55, '2023-09-08 16:08:05', 1140.28),
(542, 'FLEJ2X242', 'FLEJE GALVANIZADO 2 X 242', 32, 0.00, 1, 0, 0, 'UNIDAD', 55, '2023-09-12 14:48:04', 982.56),
(543, 'FLEJ2X200', 'FLEJE NEGRO 2 x 200', 1, 0.00, 1, 0, 0, 'UNIDAD', 55, '2023-09-08 17:09:57', 1800.00),
(545, 'FLEJ2X220', 'FLEJE NEGRO 2 X 220', 6, 0.00, 1, 0, 0, 'UNIDAD', 55, '2023-09-08 16:13:36', 1987.00),
(547, 'FLEJ2X322', 'FLEJE GALVANIZADO 2 X 322', 28, 0.00, 1, 0, 0, 'UNIDAD', 55, '2023-09-11 15:44:03', 1146.40),
(548, 'FLEJ2X345', ' FLEJE GALVANIZADO 2 X 345', 51, 0.00, 1, 0, 0, 'UNIDAD', 55, '2023-09-12 14:48:37', 924.43),
(582, 'FLEJ2X213', 'FLEJE GALVANIZADO 2 X 213', 1, 0.00, 1, 0, 0, 'UNIDAD', 55, '2023-09-11 15:43:08', 713.00),
(613, '29237', 'FLEJEEEE PRUEBAA', 0, 500.00, 0, 0, 0, '', 2, '2023-09-14 12:36:15', 0.00),
(614, 'BOBA0.5X1220', 'BOBINA PREPINTADA AZUL 0.5 X 1220', 1, 0.00, 0, 0, 0, 'UNIDAD', 3, '2023-09-15 10:15:25', 6271.00),
(615, 'CHA12.5X920X6', 'CHAPA 12.5 X 920 X 6', 15, 0.00, 0, 0, 0, 'UNIDAD', 54, '2023-09-18 15:36:26', 540.66),
(616, 'CHA11.8X1075', 'CHAPA 11.8 X 1075 X 5345', 4, 0.00, 0, 0, 0, 'UNIDAD', 54, '2023-09-18 15:36:48', 547.50),
(617, 'CHA4.8X10', '', 1, 0.00, 0, 0, 0, '', 0, '2023-09-29 15:50:35', 2500.00),
(618, 'CHA4.8X10', '', 1, 0.00, 0, 0, 0, '', 0, '2023-09-29 15:50:35', 2500.00);

-- --------------------------------------------------------

--
-- Estructura de tabla para la tabla `obras`
--

CREATE TABLE `obras` (
  `id` int(11) NOT NULL,
  `descripcion` varchar(50) DEFAULT NULL,
  `fecha_alta` date DEFAULT NULL,
  `fecha_entrega` date DEFAULT NULL,
  `avance` int(11) NOT NULL,
  `id_cliente` int(11) NOT NULL,
  `id_detalle_obra` int(10) NOT NULL,
  `estado` varchar(50) NOT NULL,
  `contrato` longblob NOT NULL,
  `detalle` varchar(10000) NOT NULL
) ENGINE=InnoDB DEFAULT CHARSET=utf8 COLLATE=utf8_spanish2_ci;

--
-- Volcado de datos para la tabla `obras`
--

INSERT INTO `obras` (`id`, `descripcion`, `fecha_alta`, `fecha_entrega`, `avance`, `id_cliente`, `id_detalle_obra`, `estado`, `contrato`, `detalle`) VALUES
(81, 'GRUPO ARES S.A.', '2023-08-14', '2023-08-29', 25, 42, 0, 'CONFIRMADA', '', 'Galpon de 40 x 100 con Chapas Prepintadas Rojas'),
(98, 'CARPAT S.A (RIGAR 2)', '2023-09-11', '2023-11-30', 0, 65, 0, 'CONFIRMADA', '', '45x140x10 (6300m2) (entrepiso, aleros, aislacion en cub y cerram. , puertas de emerg. , premarcos, portones levadizos, celosias)'),
(99, 'VALIENTE', '2023-09-11', '2023-10-13', 0, 54, 0, 'CONFIRMADA', '', ''),
(100, 'VINUESA', '2023-09-11', '2023-10-30', 0, 68, 0, 'CONFIRMADA', '', ''),
(101, 'PELASSA', '2023-09-13', '2023-11-30', 0, 72, 0, 'CONFIRMADA', '', ''),
(103, 'NAVE DEPOSITO FABRICA', '2023-09-18', '2023-10-31', 0, 38, 0, 'CONFIRMADA', '', ''),
(104, 'VEGA MZ-50 - LOTE 21', '2023-09-18', NULL, 0, 63, 0, 'CONFIRMADA', '', ''),
(105, 'COCHERAS CONCI', '2023-09-29', NULL, 0, 99, 0, 'CONFIRMADA', '', ''),
(106, 'PRUEBA', '2023-10-04', NULL, 0, 55, 0, 'PENDIENTE', '', '');

-- --------------------------------------------------------

--
-- Estructura de tabla para la tabla `permisos`
--

CREATE TABLE `permisos` (
  `id` int(11) NOT NULL,
  `rol` varchar(50) NOT NULL
) ENGINE=InnoDB DEFAULT CHARSET=utf8mb4 COLLATE=utf8mb4_general_ci;

--
-- Volcado de datos para la tabla `permisos`
--

INSERT INTO `permisos` (`id`, `rol`) VALUES
(1, 'Administrador'),
(2, 'Empleado');

-- --------------------------------------------------------

--
-- Estructura de tabla para la tabla `presupuesto`
--

CREATE TABLE `presupuesto` (
  `id` int(10) NOT NULL,
  `id_cliente` int(10) NOT NULL,
  `id_obra` int(10) NOT NULL,
  `id_producto` int(10) NOT NULL,
  `id_seccion` int(11) NOT NULL,
  `seccion` varchar(150) NOT NULL,
  `metros` decimal(10,2) NOT NULL,
  `cantidad` int(10) NOT NULL,
  `cant_proceso` int(11) NOT NULL,
  `cant_terminadas` int(11) NOT NULL,
  `cant_obra` int(11) NOT NULL,
  `nro_remito` int(11) NOT NULL,
  `peso` decimal(10,2) DEFAULT NULL,
  `unidad` varchar(50) NOT NULL,
  `pesototal` decimal(10,2) DEFAULT NULL,
  `estado` varchar(50) NOT NULL,
  `fecha_entrega` date DEFAULT NULL
) ENGINE=InnoDB DEFAULT CHARSET=utf8mb4 COLLATE=utf8mb4_general_ci;

--
-- Volcado de datos para la tabla `presupuesto`
--

INSERT INTO `presupuesto` (`id`, `id_cliente`, `id_obra`, `id_producto`, `id_seccion`, `seccion`, `metros`, `cantidad`, `cant_proceso`, `cant_terminadas`, `cant_obra`, `nro_remito`, `peso`, `unidad`, `pesototal`, `estado`, `fecha_entrega`) VALUES
(1, 42, 81, 374, 0, '500 X 6,4 X 185 X 6.4', 10.00, 9, 0, 0, 9, 64, 475.00, 'MTS', 4275.00, '', NULL),
(2, 42, 81, 372, 0, '262 X 4.8 X 148 X 6.4', 10.44, 2, 0, 0, 2, 64, 255.99, 'MTS', 511.98, '', NULL),
(3, 42, 81, 372, 0, '262 X 4.8 X 148 X 6.4', 10.93, 2, 0, 0, 2, 64, 268.00, 'MTS', 536.01, '', NULL),
(4, 42, 81, 372, 0, '262 X 4.8 X 148 X 6.4', 10.51, 2, 0, 0, 2, 64, 257.71, 'MTS', 515.41, '', NULL),
(5, 42, 81, 372, 0, '262 X 4.8 X 148 X 6.4', 11.06, 2, 0, 0, 2, 64, 271.19, 'MTS', 542.38, '', NULL),
(6, 42, 81, 372, 0, '262 X 4.8 X 148 X 6.4', 5.59, 1, 1, 0, 0, 0, NULL, 'MTS', NULL, '', NULL),
(7, 42, 81, 379, 0, 'VIGA PRINCIPAL (H:500) X 165', 13.35, 34, 20, 0, 14, 153, 522.00, 'MTS', 7307.79, '', NULL),
(8, 42, 81, 379, 0, 'VIGA GUIA PORTON (375 X 4.8 X148 X 6.4)', 8.00, 1, 1, 0, 0, 0, NULL, 'MTS', NULL, '', NULL),
(9, 42, 81, 379, 0, 'VIGA DE COMPRESION (H:148) X 148', 5.81, 8, 0, 0, 8, 153, 97.20, 'MTS', 777.61, '', NULL),
(10, 42, 81, 376, 0, '140 X 60 X 2', 11.93, 32, 0, 0, 32, 85, 53.69, 'MTS', 1717.92, '', NULL),
(11, 42, 81, 376, 0, '140 X 60 X 2', 11.79, 66, 9, 0, 57, 85, 53.06, 'MTS', 3024.14, '', NULL),
(12, 42, 81, 376, 0, '140 X 60 X 2', 5.99, 15, 3, 0, 12, 85, 26.96, 'MTS', 323.46, '', NULL),
(13, 42, 81, 376, 0, '140 X 60 X 2', 11.89, 15, 3, 0, 12, 85, 53.51, 'MTS', 642.06, '', NULL),
(14, 42, 81, 376, 0, '140 X 60 X 2', 5.31, 43, 34, 0, 9, 85, 23.90, 'MTS', 215.06, '', NULL),
(15, 42, 81, 376, 0, '140 X 60 X 2', 4.64, 24, 24, 0, 0, 0, NULL, 'MTS', NULL, '', NULL),
(16, 42, 81, 376, 0, '140 X 60 X 2', 4.71, 10, 10, 0, 0, 0, NULL, 'MTS', NULL, '', NULL),
(17, 42, 81, 376, 0, '140 X 60 X 2', 4.00, 8, 8, 0, 0, 0, NULL, 'MTS', NULL, '', NULL),
(18, 42, 81, 377, 0, '140 X 60 X 2', 11.93, 44, 0, 0, 44, 85, 53.73, 'MTS', 2364.12, '', NULL),
(19, 42, 81, 377, 0, '140 X 60 X 2', 11.79, 132, 73, 0, 59, 85, 53.10, 'MTS', 3132.90, '', NULL),
(20, 42, 81, 380, 0, 'PALOTES (140)', 11.93, 4, 0, 0, 4, 85, 114.84, 'MTS', 459.36, '', NULL),
(21, 42, 81, 380, 0, 'PALOTES (140)', 11.79, 12, 12, 0, 0, 0, NULL, 'MTS', NULL, '', NULL),
(22, 42, 81, 378, 0, 'CHAPAS', 2540.00, 1, 1, 0, 0, 0, NULL, 'MTS', NULL, '', NULL),
(23, 42, 81, 378, 0, 'CHAPAS', 2456.00, 1, 1, 0, 0, 0, NULL, 'MTS', NULL, '', NULL),
(24, 42, 81, 380, 0, 'PALOTE CENEFA LATERAL ( 2MTS ALTO )', 1.00, 34, 34, 0, 0, 0, NULL, 'UNIDAD', NULL, '', NULL),
(25, 42, 81, 380, 0, 'PALOTE CENEFA FRENTE Y FONDO ( 2MTS ALTO )', 1.00, 14, 14, 0, 0, 0, NULL, 'UNIDAD', NULL, '', NULL),
(26, 42, 81, 381, 0, 'CORREAS FONDO ( 140 )', 5.16, 6, 6, 0, 0, 0, NULL, 'MTS', NULL, '', NULL),
(27, 42, 81, 381, 0, 'CORREAS FONDO ( 140 )', 5.21, 9, 9, 0, 0, 0, NULL, 'MTS', NULL, '', NULL),
(28, 42, 81, 381, 0, 'CORREAS FRENTE ( 140 )', 4.49, 6, 6, 0, 0, 0, NULL, 'MTS', NULL, '', NULL),
(29, 42, 81, 381, 0, 'CORREAS FRENTE ( 140 )', 4.53, 6, 6, 0, 0, 0, NULL, 'MTS', NULL, '', NULL),
(30, 42, 81, 381, 0, 'CORREAS FRENTE ( 140 )', 3.90, 6, 6, 0, 0, 0, NULL, 'MTS', NULL, '', NULL),
(31, 42, 81, 381, 0, 'CORREAS LATERALES ( 140 )', 5.75, 12, 12, 0, 0, 0, NULL, 'MTS', NULL, '', NULL),
(32, 42, 81, 381, 0, 'CORREAS LATERALES ( 140 )', 5.80, 84, 84, 0, 0, 0, NULL, 'MTS', NULL, '', NULL),
(33, 42, 81, 378, 0, 'CHAPAS', 2.00, 248, 248, 0, 0, 0, NULL, 'MTS', NULL, '', NULL),
(904, 65, 98, 554, 0, 'SIN EQUIVALENCIA', 28.47, 58, 0, 0, 0, 0, NULL, 'KG', NULL, '', NULL),
(905, 65, 98, 555, 0, 'SIN EQUIVALENCIA', 32.46, 15, 0, 0, 0, 0, NULL, 'KG', NULL, '', NULL),
(906, 65, 98, 556, 0, 'SIN EQUIVALENCIA', 14.85, 19, 0, 0, 0, 0, NULL, 'KG', NULL, '', NULL),
(907, 65, 98, 557, 0, '500 X 4.8 X 135 X 6.4', 8.00, 58, 0, 0, 0, 0, NULL, 'MTS', NULL, '', NULL),
(908, 65, 98, 372, 0, '250 X 4.8 X 135 X 6.4', 8.56, 4, 0, 0, 0, 0, NULL, 'MTS', NULL, '', NULL),
(909, 65, 98, 372, 0, '250 X 4.8 X 135 X 6.4', 9.16, 4, 0, 0, 0, 0, NULL, 'MTS', NULL, '', NULL),
(910, 65, 98, 372, 0, '250 X 4.8 X 135 X 6.4', 9.75, 4, 0, 0, 0, 0, NULL, 'MTS', NULL, '', NULL),
(911, 65, 98, 530, 0, '500 X 4.8 X 250 X 6.4', 10.34, 15, 0, 0, 15, 145, 517.13, 'MTS', 7757.00, '', NULL),
(913, 65, 98, 436, 0, '250 X 4.8 X 148 X 6.4', 3.00, 7, 0, 0, 0, 0, NULL, 'MTS', NULL, '', NULL),
(914, 65, 98, 558, 0, '148 X 4.8 X 123 X 6.4', 3.00, 8, 0, 0, 0, 0, NULL, 'MTS', NULL, '', NULL),
(915, 65, 98, 559, 0, '500 X 4.8 X 135 X 6.4', 22.55, 58, 0, 0, 0, 0, NULL, 'MTS', NULL, '', NULL),
(916, 65, 98, 560, 0, '148 X 4.8 X 148 X 6.4', 4.93, 12, 0, 0, 0, 0, NULL, 'MTS', NULL, '', NULL),
(917, 65, 98, 561, 0, '375 X 4.8 X 148 X 6.4', 7.00, 7, 0, 0, 0, 0, NULL, 'MTS', NULL, '', NULL),
(918, 65, 98, 561, 0, '375 X 4.8 X 148 X 6.4', 5.08, 1, 0, 0, 0, 0, NULL, 'MTS', NULL, '', NULL),
(919, 65, 98, 561, 0, '375 X 4.8 X 148 X 6.4', 5.59, 1, 0, 0, 0, 0, NULL, 'MTS', NULL, '', NULL),
(920, 65, 98, 562, 0, '148 X 4.8 X 123 X 4.8', 7.02, 7, 0, 0, 0, 0, NULL, 'MTS', NULL, '', NULL),
(923, 65, 98, 562, 0, '148 X 4.8 X 123 X 4.8', 5.10, 1, 0, 0, 0, 0, NULL, 'MTS', NULL, '', NULL),
(924, 65, 98, 562, 0, '148 X 4.8 X 123 X 4.8', 1.91, 1, 0, 0, 0, 0, NULL, 'MTS', NULL, '', NULL),
(925, 65, 98, 563, 0, '500 X 4.8 X 135 X 6.4', 10.00, 14, 0, 0, 0, 0, NULL, 'MTS', NULL, '', NULL),
(926, 65, 98, 377, 0, '140 X 60 X 2', 10.00, 504, 0, 0, 0, 0, NULL, 'MTS', NULL, '', NULL),
(927, 65, 98, 380, 0, 'PALOTES (140)', 10.00, 28, 0, 0, 0, 0, NULL, 'MTS', NULL, '', NULL),
(928, 65, 98, 376, 0, '140 X 60 X 2', 10.00, 172, 0, 0, 0, 0, NULL, 'MTS', NULL, '', NULL),
(929, 65, 98, 376, 0, '140 X 60 X 2', 5.00, 4, 0, 0, 0, 0, NULL, 'MTS', NULL, '', NULL),
(930, 65, 98, 376, 0, '140 X 60 X 2', 3.71, 4, 0, 0, 0, 0, NULL, 'MTS', NULL, '', NULL),
(931, 65, 98, 376, 0, '140 X 60 X 2', 7.30, 24, 0, 0, 0, 0, NULL, 'MTS', NULL, '', NULL),
(933, 65, 98, 376, 0, '140 X 60 X 2', 6.15, 3, 0, 0, 0, 0, NULL, 'MTS', NULL, '', NULL),
(934, 65, 98, 376, 0, '140 X 60 X 2', 2.30, 6, 0, 0, 0, 0, NULL, 'MTS', NULL, '', NULL),
(935, 65, 98, 376, 0, '140 X 60 X 2', 5.01, 29, 0, 0, 0, 0, NULL, 'MTS', NULL, '', NULL),
(936, 65, 98, 376, 0, '140 X 60 X 2', 5.45, 59, 0, 0, 0, 0, NULL, 'MTS', NULL, '', NULL),
(937, 65, 98, 376, 0, '140 X 60 X 2', 5.27, 30, 0, 0, 0, 0, NULL, 'MTS', NULL, '', NULL),
(938, 65, 98, 564, 0, '140 X 60 X 2', 10.00, 51, 0, 0, 0, 0, NULL, 'MTS', NULL, '', NULL),
(939, 65, 98, 564, 0, '140 X 60 X 2', 5.08, 17, 0, 0, 0, 0, NULL, 'MTS', NULL, '', NULL),
(940, 65, 98, 377, 0, '80 X 40 X 15 X 2', 10.00, 21, 0, 0, 0, 0, NULL, 'MTS', NULL, '', NULL),
(941, 65, 98, 377, 0, '80 X 40 X 15 X 2', 5.08, 7, 0, 0, 0, 0, NULL, 'MTS', NULL, '', NULL),
(943, 65, 98, 392, 0, 'CINCALUM', 13.00, 282, 0, 0, 0, 0, NULL, 'MTS', NULL, '', NULL),
(944, 65, 98, 392, 0, 'CINCALUM', 10.25, 282, 0, 0, 0, 0, NULL, 'MTS', NULL, '', NULL),
(945, 65, 98, 565, 0, 'PREPINTADA', 8.60, 50, 0, 0, 0, 0, NULL, 'MTS', NULL, '', NULL),
(946, 65, 98, 565, 0, 'PREPINTADA', 6.60, 94, 0, 0, 0, 0, NULL, 'MTS', NULL, '', NULL),
(947, 65, 98, 565, 0, 'PREPINTADA', 6.60, 113, 0, 0, 0, 0, NULL, 'MTS', NULL, '', NULL),
(948, 65, 98, 565, 0, 'PREPINTADA', 3.40, 33, 0, 0, 0, 0, NULL, 'MTS', NULL, '', NULL),
(950, 65, 98, 565, 0, 'PREPINTADA', 0.85, 141, 0, 0, 0, 0, NULL, 'MTS', NULL, '', NULL),
(951, 65, 98, 565, 0, 'ACANALADA PLASTICA', 1.50, 141, 0, 0, 0, 0, NULL, 'MTS', NULL, '', NULL),
(953, 65, 98, 565, 0, 'VARIABLE', 48.15, 46, 0, 0, 0, 0, NULL, 'KG', NULL, '', NULL),
(954, 65, 98, 565, 0, 'FRENTE + CENEFA', 11.05, 30, 0, 0, 0, 0, NULL, 'MTS', NULL, '', NULL),
(955, 65, 98, 565, 0, 'FRENTE + CENEFA', 8.05, 18, 0, 0, 0, 0, NULL, 'MTS', NULL, '', NULL),
(956, 65, 98, 571, 0, 'ESTRUCTURA CENEFA', 2.60, 2, 0, 0, 0, 0, NULL, 'MTS', NULL, '', NULL),
(957, 65, 98, 571, 0, 'ESTRUCTURA CENEFA', 2.00, 2, 0, 0, 0, 0, NULL, 'MTS', NULL, '', NULL),
(958, 65, 98, 571, 0, 'ESTRUCTURA CENEFA', 1.40, 2, 0, 0, 0, 0, NULL, 'MTS', NULL, '', NULL),
(959, 65, 98, 571, 0, 'ESTRUCTURA CENEFA', 0.80, 2, 0, 0, 0, 0, NULL, 'MTS', NULL, '', NULL),
(960, 65, 98, 381, 0, '140 X 60 X 2', 5.58, 4, 0, 0, 0, 0, NULL, 'MTS', NULL, '', NULL),
(961, 65, 98, 381, 0, '140 X 60 X 2', 5.49, 8, 0, 0, 0, 0, NULL, 'MTS', NULL, '', NULL),
(962, 65, 98, 379, 0, 'VIGA DE ALERO VARIABLE', 3.14, 49, 0, 0, 0, 0, NULL, 'MTS', NULL, '', NULL),
(963, 65, 98, 572, 0, '140 X 60 X 2', 10.00, 57, 0, 0, 0, 0, NULL, 'MTS', NULL, '', NULL),
(964, 65, 98, 572, 0, '140 X 60 X 2', 5.00, 6, 0, 0, 0, 0, NULL, 'MTS', NULL, '', NULL),
(965, 65, 98, 572, 0, '140 X 60 X 2', 11.18, 9, 0, 0, 0, 0, NULL, 'MTS', NULL, '', NULL),
(966, 65, 98, 573, 0, 'CINCALUM', 2.65, 236, 0, 0, 0, 0, NULL, 'MTS', NULL, '', NULL),
(967, 65, 98, 571, 0, 'ALEROS (PALOTES)', 0.40, 49, 0, 0, 0, 0, NULL, 'MTS', NULL, '', NULL),
(968, 65, 98, 381, 0, '140 X 60 X 2', 4.90, 46, 0, 0, 0, 0, NULL, 'MTS', NULL, '', NULL),
(969, 65, 98, 573, 0, 'CENEFA', 0.55, 236, 0, 0, 0, 0, NULL, 'MTS', NULL, '', NULL),
(970, 65, 98, 574, 0, 'NAVE', 140.00, 2, 0, 0, 0, 0, NULL, 'UNIDAD', NULL, '', NULL),
(971, 65, 98, 574, 0, 'ALEROS (CANALETAS)', 233.62, 1, 0, 0, 0, 0, NULL, 'UNIDAD', NULL, '', NULL),
(972, 65, 98, 575, 0, 'TENS. CUBIERTA (H 12mm)', 7.60, 32, 0, 0, 0, 0, NULL, 'MTS', NULL, '', NULL),
(973, 65, 98, 575, 0, 'TENS. LATERAL (H 12mm)', 6.65, 8, 0, 0, 0, 0, NULL, 'MTS', NULL, '', NULL),
(974, 65, 98, 575, 0, 'TENS. LATERAL (H 12mm)', 5.60, 4, 0, 0, 0, 0, NULL, 'MTS', NULL, '', NULL),
(976, 65, 98, 575, 0, 'TENS. LATERAL (H 12mm)', 6.20, 14, 0, 0, 0, 0, NULL, 'MTS', NULL, '', NULL),
(977, 65, 98, 575, 0, 'TENS. FF (H 12mm)', 6.35, 10, 0, 0, 0, 0, NULL, 'MTS', NULL, '', NULL),
(980, 65, 98, 576, 0, 'N/A', 27.00, 17, 0, 0, 0, 0, NULL, 'KG', NULL, '', NULL),
(981, 65, 98, 577, 0, 'N/A', 150.00, 18, 0, 0, 0, 0, NULL, 'KG', NULL, '', NULL),
(982, 65, 98, 578, 0, 'N/A', 0.00, 7, 0, 0, 0, 0, NULL, 'UNIDAD', NULL, '', NULL),
(983, 65, 98, 579, 0, 'N/A', 0.00, 11, 0, 0, 0, 0, NULL, 'UNIDAD', NULL, '', NULL),
(984, 65, 98, 570, 0, 'CINCALUM', 7.10, 36, 0, 0, 0, 0, NULL, 'MTS', NULL, '', NULL),
(985, 54, 99, 557, 0, '200 X 4.8 X 100 X 6.4', 3.91, 3, 0, 0, 0, 0, NULL, 'MTS', NULL, '', NULL),
(986, 54, 99, 557, 0, '200 X 4.8 X 100 X 6.4', 4.41, 4, 0, 0, 0, 0, NULL, 'MTS', NULL, '', NULL),
(987, 54, 99, 557, 0, '200 X 4.8 X 100 X 6.4', 3.79, 2, 0, 0, 0, 0, NULL, 'MTS', NULL, '', NULL),
(988, 54, 99, 557, 0, '200 X 4.8 X 100 X 6.4', 3.48, 4, 0, 0, 0, 0, NULL, 'MTS', NULL, '', NULL),
(989, 54, 99, 557, 0, '200 X 4.8 X 100 X 6.4', 3.87, 3, 0, 0, 0, 0, NULL, 'MTS', NULL, '', NULL),
(990, 54, 99, 379, 0, 'VIGA PRINCIPAL 200X100', 6.30, 1, 0, 0, 0, 0, NULL, 'MTS', NULL, '', NULL),
(991, 54, 99, 379, 0, 'VIGA PRINCIPAL 200X100', 7.75, 1, 0, 0, 0, 0, NULL, 'MTS', NULL, '', NULL),
(992, 54, 99, 379, 0, 'VIGA PRINCIPAL 200X100', 11.66, 2, 0, 0, 0, 0, NULL, 'MTS', NULL, '', NULL),
(993, 54, 99, 379, 0, 'VIGA PRINCIPAL 200X100', 5.02, 2, 0, 0, 0, 0, NULL, 'MTS', NULL, '', NULL),
(994, 54, 99, 380, 0, 'PALOTE CUBIERTA', 9.95, 1, 0, 0, 0, 0, NULL, 'MTS', NULL, '', NULL),
(995, 54, 99, 380, 0, 'PALOTE CUBIERTA', 4.79, 1, 0, 0, 0, 0, NULL, 'MTS', NULL, '', NULL),
(996, 54, 99, 380, 0, 'PALOTE CUBIERTA', 10.00, 1, 0, 0, 0, 0, NULL, 'MTS', NULL, '', NULL),
(997, 54, 99, 380, 0, 'PALOTE CUBIERTA', 1.94, 1, 0, 0, 0, 0, NULL, 'MTS', NULL, '', NULL),
(998, 54, 99, 380, 0, 'PALOTE CUBIERTA', 3.21, 1, 0, 0, 0, 0, NULL, 'MTS', NULL, '', NULL),
(1003, 54, 99, 377, 0, '100 X 50 X 2', 9.95, 0, 0, 0, 0, 0, NULL, 'MTS', NULL, '', NULL),
(1004, 54, 99, 377, 0, '100 X 50 X 2', 4.79, 4, 0, 0, 0, 0, NULL, 'MTS', NULL, '', NULL),
(1005, 54, 99, 377, 0, '100 X 50 X 2', 6.68, 1, 0, 0, 0, 0, NULL, 'MTS', NULL, '', NULL),
(1006, 54, 99, 377, 0, '100 X 50 X 2', 9.89, 0, 0, 0, 0, 0, NULL, 'MTS', NULL, '', NULL),
(1011, 54, 99, 381, 0, '100 X 50 X 2', 4.80, 2, 0, 0, 0, 0, NULL, 'MTS', NULL, '', NULL),
(1020, 54, 99, 574, 0, 'CANALETAS', 19.70, 0, 0, 0, 0, 0, NULL, 'MTS', NULL, '', NULL),
(1021, 68, 100, 557, 0, '300 X 4.8 X 165 X 6.4', 6.80, 9, 0, 0, 0, 0, NULL, 'MTS', NULL, '', NULL),
(1022, 68, 100, 557, 0, '300 X 4.8 X 165 X 6.4', 7.14, 5, 0, 0, 0, 0, NULL, 'MTS', NULL, '', NULL),
(1023, 68, 100, 557, 0, '300 X 4.8 X 165 X 6.4', 6.10, 3, 0, 0, 0, 0, NULL, 'MTS', NULL, '', NULL),
(1024, 68, 100, 557, 0, '375 X 6.4 X 185 X 6.4', 8.75, 11, 0, 0, 0, 0, NULL, 'MTS', NULL, '', NULL),
(1025, 68, 100, 557, 0, '375 X 6.4 X 185 X 6.4', 8.40, 9, 0, 0, 0, 0, NULL, 'MTS', NULL, '', NULL),
(1026, 68, 100, 557, 0, '500 X 6.4 X 248 X 7.9', 10.30, 11, 0, 0, 0, 0, NULL, 'MTS', NULL, '', NULL),
(1027, 68, 100, 372, 0, '300 X 4.8 X 148 X 6.4', 7.52, 2, 0, 0, 0, 0, NULL, 'MTS', NULL, '', NULL),
(1028, 68, 100, 372, 0, '300 X 4.8 X 148 X 6.4', 7.92, 2, 0, 0, 0, 0, NULL, 'MTS', NULL, '', NULL),
(1029, 68, 100, 372, 0, '300 X 4.8 X 148 X 6.4', 8.32, 2, 0, 0, 0, 0, NULL, 'MTS', NULL, '', NULL),
(1030, 68, 100, 372, 0, '300 X 4.8 X 148 X 6.4', 7.95, 2, 0, 0, 0, 0, NULL, 'MTS', NULL, '', NULL),
(1031, 68, 100, 372, 0, '300 X 4.8 X 148 X 6.4', 7.56, 2, 0, 0, 0, 0, NULL, 'MTS', NULL, '', NULL),
(1032, 68, 100, 372, 0, '300 X 4.8 X 148 X 6.4', 7.17, 2, 0, 0, 0, 0, NULL, 'MTS', NULL, '', NULL),
(1033, 68, 100, 372, 0, '300 X 4.8 X 148 X 6.4', 6.43, 2, 0, 0, 0, 0, NULL, 'MTS', NULL, '', NULL),
(1034, 68, 100, 372, 0, '300 X 4.8 X 165 X 6.4', 9.11, 2, 0, 0, 0, 0, NULL, 'MTS', NULL, '', NULL),
(1035, 68, 100, 372, 0, '300 X 4.8 X 165 X 6.4', 9.50, 2, 0, 0, 0, 0, NULL, 'MTS', NULL, '', NULL),
(1036, 68, 100, 372, 0, '300 X 4.8 X 165 X 6.4', 9.90, 2, 0, 0, 0, 0, NULL, 'MTS', NULL, '', NULL),
(1037, 68, 100, 372, 0, '300 X 4.8 X 165 X 6.4', 9.92, 2, 0, 0, 0, 0, NULL, 'MTS', NULL, '', NULL),
(1038, 68, 100, 372, 0, '300 X 4.8 X 165 X 6.4', 9.52, 2, 0, 0, 0, 0, NULL, 'MTS', NULL, '', NULL),
(1039, 68, 100, 372, 0, '300 X 4.8 X 165 X 6.4', 9.13, 2, 0, 0, 0, 0, NULL, 'MTS', NULL, '', NULL),
(1040, 68, 100, 372, 0, '300 X 4.8 X 165 X 6.4', 8.74, 2, 0, 0, 0, 0, NULL, 'MTS', NULL, '', NULL),
(1041, 68, 100, 559, 0, '375 X 4.8 X 165 X 6.4', 20.05, 5, 0, 0, 0, 0, NULL, 'MTS', NULL, '', NULL),
(1042, 68, 100, 559, 0, '375 X 4.8 X 165 X 6.4', 20.06, 11, 0, 0, 0, 0, NULL, 'MTS', NULL, '', NULL),
(1043, 68, 100, 559, 0, '375 X 4.8 X 165 X 6.4', 13.07, 9, 0, 0, 0, 0, NULL, 'MTS', NULL, '', NULL),
(1044, 68, 100, 559, 0, '375 X 4.8 X 165 X 6.4', 12.01, 9, 0, 0, 0, 0, NULL, 'MTS', NULL, '', NULL),
(1045, 68, 100, 559, 0, '375 X 4.8 X 165 X 6.4', 20.06, 9, 0, 0, 0, 0, NULL, 'MTS', NULL, '', NULL),
(1046, 68, 100, 559, 0, '375 X 4.8 X 165 X 6.4', 9.03, 3, 0, 0, 0, 0, NULL, 'MTS', NULL, '', NULL),
(1047, 68, 100, 560, 0, '148 X 4.8 X 148 X 4.8', 4.91, 25, 0, 0, 0, 0, NULL, 'MTS', NULL, '', NULL),
(1048, 68, 100, 560, 0, '148 X 4.8 X 148 X 4.8', 5.00, 12, 0, 0, 0, 0, NULL, 'MTS', NULL, '', NULL),
(1050, 68, 100, 377, 0, '160 X 60 X 2', 10.01, 7, 0, 0, 0, 0, NULL, 'MTS', NULL, '', NULL),
(1051, 68, 100, 377, 0, '160 X 60 X 2', 40.10, 37, 0, 0, 0, 0, NULL, 'MTS', NULL, '', NULL),
(1053, 68, 100, 377, 0, '160 X 60 X 2', 50.00, 16, 0, 0, 0, 0, NULL, 'MTS', NULL, '', NULL),
(1054, 68, 100, 377, 0, '160 X 60 X 2', 20.10, 16, 0, 0, 0, 0, NULL, 'MTS', NULL, '', NULL),
(1055, 68, 100, 376, 0, '160 X 60 X 2', 4.62, 27, 0, 0, 0, 0, NULL, 'MTS', NULL, '', NULL),
(1056, 68, 100, 376, 0, '160 X 60 X 2', 4.87, 144, 0, 0, 0, 0, NULL, 'MTS', NULL, '', NULL),
(1057, 68, 100, 376, 0, '160 X 60 X 2', 4.93, 48, 0, 0, 0, 0, NULL, 'MTS', NULL, '', NULL),
(1058, 68, 100, 376, 0, '160 X 60 X 2', 4.55, 22, 0, 0, 0, 0, NULL, 'MTS', NULL, '', NULL),
(1059, 68, 100, 376, 0, '160 X 60 X 2', 4.45, 30, 0, 0, 0, 0, NULL, 'MTS', NULL, '', NULL),
(1060, 68, 100, 376, 0, '160 X 60 X 2', 4.37, 3, 0, 0, 0, 0, NULL, 'MTS', NULL, '', NULL),
(1061, 68, 100, 376, 0, '160 X 60 X 2', 4.12, 12, 0, 0, 0, 0, NULL, 'MTS', NULL, '', NULL),
(1062, 68, 100, 376, 0, '160 X 60 X 2', 4.75, 30, 0, 0, 0, 0, NULL, 'MTS', NULL, '', NULL),
(1063, 68, 100, 376, 0, '160 X 60 X 2', 4.84, 105, 0, 0, 0, 0, NULL, 'MTS', NULL, '', NULL),
(1064, 68, 100, 380, 0, 'PALOTE GUIA PORTON', 4.55, 2, 0, 0, 0, 0, NULL, 'MTS', NULL, '', NULL),
(1065, 68, 100, 380, 0, 'PALOTE GUIA PORTON', 4.87, 2, 0, 0, 0, 0, NULL, 'MTS', NULL, '', NULL),
(1067, 68, 100, 583, 0, 'PORTON', 24.90, 2, 0, 0, 0, 0, NULL, 'KG', NULL, '', NULL),
(1068, 68, 100, 565, 0, 'CHAPA ACANALADA', 1.00, 585, 0, 0, 0, 0, NULL, 'MTS2', NULL, '', NULL),
(1069, 72, 101, 593, 0, 'N/A', 26.24, 16, 0, 0, 0, 0, NULL, 'KG', NULL, '', NULL),
(1070, 72, 101, 593, 0, 'N/A', 14.99, 6, 0, 0, 0, 0, NULL, 'KG', NULL, '', NULL),
(1071, 72, 101, 557, 0, '500 X 4.8 X 148 X 6.4', 8.00, 16, 0, 0, 0, 0, NULL, 'MTS', NULL, '', NULL),
(1072, 72, 101, 372, 0, '200 X 4.8 X 135 X 6.4', 8.54, 4, 0, 0, 0, 0, NULL, 'MTS', NULL, '', NULL),
(1074, 72, 101, 372, 0, '200 X 4.8 X 135 X 6.4', 9.02, 2, 0, 0, 0, 0, NULL, 'MTS', NULL, '', NULL),
(1075, 72, 101, 599, 0, '375 X 4.8 X 148 X 6.4', 10.00, 16, 0, 0, 0, 0, NULL, 'MTS', NULL, '', NULL),
(1077, 72, 101, 560, 0, 'N/A', 53.28, 4, 0, 0, 0, 0, NULL, 'KG', NULL, '', NULL),
(1079, 72, 101, 380, 0, 'N/A', 108.00, 6, 0, 0, 0, 0, NULL, 'KG', NULL, '', NULL),
(1081, 72, 101, 380, 0, 'N/A', 54.00, 2, 0, 0, 0, 0, NULL, 'KG', NULL, '', NULL),
(1082, 72, 101, 377, 0, '140 X 60 X 2', 6.00, 18, 0, 0, 0, 0, NULL, 'MTS', NULL, '', NULL),
(1083, 72, 101, 377, 0, '140 X 60 X 2', 12.00, 54, 0, 0, 0, 0, NULL, 'MTS', NULL, '', NULL),
(1085, 72, 101, 570, 0, 'CINCALUM', 10.20, 86, 0, 0, 0, 0, NULL, 'MTS', NULL, '', NULL),
(1086, 72, 101, 574, 0, 'CANALETAS', 42.00, 2, 0, 0, 0, 0, NULL, 'MTS', NULL, '', NULL),
(1087, 72, 101, 575, 0, 'TENS. CUBIERTA (H 12mm)', 7.90, 16, 0, 0, 0, 0, NULL, 'MTS', NULL, '', NULL),
(1088, 72, 101, 575, 0, 'TENS. CUBIERTA (H 12mm)', 7.91, 16, 0, 0, 0, 0, NULL, 'MTS', NULL, '', NULL),
(1089, 72, 101, 588, 0, 'N/A', 0.00, 144, 0, 0, 0, 0, NULL, 'UNIDAD', NULL, '', NULL),
(1090, 72, 101, 586, 0, 'N/A', 0.00, 288, 0, 0, 0, 0, NULL, 'UNIDAD', NULL, '', NULL),
(1091, 72, 101, 569, 0, 'N/A', 0.00, 4200, 0, 0, 0, 0, NULL, 'UNIDAD', NULL, '', NULL),
(1092, 65, 98, 588, 0, 'N/A', 0.00, 968, 0, 0, 0, 0, NULL, 'UNIDAD', NULL, '', NULL),
(1093, 65, 98, 586, 0, 'N/A', 0.00, 3534, 0, 0, 0, 0, NULL, 'UNIDAD', NULL, '', NULL),
(1094, 65, 98, 569, 0, 'N/A', 0.00, 36320, 0, 0, 2000, 31, NULL, 'UNIDAD', NULL, '', NULL),
(1095, 65, 98, 454, 0, 'N/A', 0.00, 14928, 0, 0, 2000, 31, NULL, 'UNIDAD', NULL, '', NULL),
(1096, 54, 99, 570, 0, 'ACANALADA', 6.36, 1, 0, 0, 0, 0, NULL, 'MTS', NULL, '', NULL),
(1098, 54, 99, 570, 0, 'ACANALADA', 7.40, 5, 0, 0, 0, 0, NULL, 'MTS', NULL, '', NULL),
(1099, 54, 99, 570, 0, 'ACANALADA', 4.80, 0, 0, 0, 0, 0, NULL, 'MTS', NULL, '', NULL),
(1101, 54, 99, 381, 0, '100 X 50 X 2', 3.15, 2, 0, 0, 0, 0, NULL, 'MTS', NULL, '', NULL),
(1102, 54, 99, 381, 0, '100 X 50 X 2', 1.90, 2, 0, 0, 0, 0, NULL, 'MTS', NULL, '', NULL),
(1103, 54, 99, 381, 0, '100 X 50 X 2', 10.00, 3, 0, 0, 0, 0, NULL, 'MTS', NULL, '', NULL),
(1104, 54, 99, 380, 0, 'PALOTE CENEFA', 1.34, 1, 0, 0, 0, 0, NULL, 'MTS', NULL, '', NULL),
(1105, 54, 99, 380, 0, 'PALOTE CENEFA', 2.84, 0, 0, 0, 0, 0, NULL, 'MTS', NULL, '', NULL),
(1107, 54, 99, 581, 0, 'CHAPA CENEFA', 3.74, 11, 0, 0, 0, 0, NULL, 'MTS', NULL, '', NULL),
(1108, 54, 99, 581, 0, 'CHAPA CENEFA', 1.34, 2, 0, 0, 0, 0, NULL, 'MTS', NULL, '', NULL),
(1109, 54, 99, 574, 0, 'CANALETAS', 3.15, 1, 0, 0, 0, 0, NULL, 'MTS', NULL, '', NULL),
(1110, 54, 99, 574, 0, 'CANALETAS', 2.00, 1, 0, 0, 0, 0, NULL, 'MTS', NULL, '', NULL),
(1111, 54, 99, 574, 0, 'CANALETAS', 9.72, 1, 0, 0, 0, 0, NULL, 'MTS', NULL, '', NULL),
(1112, 54, 99, 574, 0, 'CANALETAS', 5.02, 1, 0, 0, 0, 0, NULL, 'MTS', NULL, '', NULL),
(1114, 68, 100, 565, 0, 'ACANALADA', 2333.80, 1, 0, 0, 0, 0, NULL, 'MTS2', NULL, '', NULL),
(1115, 68, 100, 570, 0, 'ACANALADA', 20.04, 21, 0, 0, 0, 0, NULL, 'MTS', NULL, '', NULL),
(1116, 68, 100, 570, 0, 'ACANALADA', 19.80, 31, 0, 0, 0, 0, NULL, 'MTS', NULL, '', NULL),
(1117, 68, 100, 570, 0, 'ACANALADA', 44.00, 31, 0, 0, 0, 0, NULL, 'MTS', NULL, '', NULL),
(1118, 68, 100, 574, 0, 'CANALETAS', 20.08, 1, 0, 0, 0, 0, NULL, 'MTS', NULL, '', NULL),
(1119, 68, 100, 574, 0, 'CANALETAS', 29.91, 1, 0, 0, 0, 0, NULL, 'MTS', NULL, '', NULL),
(1120, 68, 100, 574, 0, 'CANALETAS', 30.17, 1, 0, 0, 0, 0, NULL, 'MTS', NULL, '', NULL),
(1121, 68, 100, 574, 0, 'CANALETAS', 10.10, 1, 0, 0, 0, 0, NULL, 'MTS', NULL, '', NULL),
(1123, 68, 100, 565, 0, 'ACANALADA', 10.30, 40, 0, 0, 0, 0, NULL, 'MTS', NULL, '', NULL),
(1124, 68, 100, 565, 0, 'ACANALADA', 8.37, 40, 0, 0, 0, 0, NULL, 'MTS', NULL, '', NULL),
(1126, 68, 100, 565, 0, 'ACANALADA', 8.74, 20, 0, 0, 0, 0, NULL, 'MTS', NULL, '', NULL),
(1128, 81, 102, 593, 0, 'PLACA FUNDACION 1/2', 0.22, 32, 0, 0, 0, 0, NULL, 'MTS2', NULL, '', NULL),
(1130, 81, 102, 557, 0, '500 X 4.8 X 150 X 6.4', 10.00, 26, 0, 0, 0, 0, NULL, 'MTS', NULL, '', NULL),
(1131, 81, 102, 372, 0, '250 X 4.8 X 125 X 6.4', 10.65, 6, 0, 0, 0, 0, NULL, 'MTS', NULL, '', NULL),
(1132, 81, 102, 559, 0, '500 X 4.8 X 150 X 6.4', 11.94, 26, 0, 0, 0, 0, NULL, 'MTS', NULL, '', NULL),
(1133, 81, 102, 377, 0, '140 X 60 X 2', 12.62, 120, 0, 0, 0, 0, NULL, 'MTS', NULL, '', NULL),
(1134, 81, 102, 376, 0, '140 X 60 X 2', 11.86, 32, 0, 0, 0, 0, NULL, 'MTS', NULL, '', NULL),
(1136, 81, 102, 376, 0, '140 X 60 X 2', 12.62, 96, 0, 0, 0, 0, NULL, 'MTS', NULL, '', NULL),
(1137, 81, 102, 570, 0, 'CINCALUM', 12.20, 152, 0, 0, 0, 0, NULL, 'MTS', NULL, '', NULL),
(1140, 81, 102, 565, 0, 'TRAPEZOIDAL', 6.80, 8, 0, 0, 0, 0, NULL, 'MTS', NULL, '', NULL),
(1141, 81, 102, 565, 0, 'TRAPEZOIDAL', 12.00, 24, 0, 0, 0, 0, NULL, 'MTS', NULL, '', NULL),
(1142, 81, 102, 565, 0, 'TRAPEZOIDAL', 12.00, 32, 0, 0, 0, 0, NULL, 'MTS', NULL, '', NULL),
(1143, 81, 102, 565, 0, 'TRAPEZOIDAL', 11.00, 160, 0, 0, 0, 0, NULL, 'MTS', NULL, '', NULL),
(1144, 81, 102, 381, 0, 'CENEFA', 11.90, 12, 0, 0, 0, 0, NULL, 'MTS', NULL, '', NULL),
(1145, 81, 102, 381, 0, 'CENEFA', 12.60, 36, 0, 0, 0, 0, NULL, 'MTS', NULL, '', NULL),
(1146, 81, 102, 380, 0, 'PALOTES (140)', 2.00, 36, 0, 0, 0, 0, NULL, 'MTS', NULL, '', NULL),
(1147, 81, 102, 380, 0, 'PALOTES (140)', 0.58, 36, 0, 0, 0, 0, NULL, 'MTS', NULL, '', NULL),
(1148, 81, 102, 581, 0, 'CHAPA CENEFA', 2.00, 204, 0, 0, 0, 0, NULL, 'MTS', NULL, '', NULL),
(1149, 81, 102, 574, 0, 'CANALETAS', 76.00, 2, 0, 0, 0, 0, NULL, 'MTS', NULL, '', NULL),
(1150, 81, 102, 583, 0, 'PORTON', 30.20, 2, 0, 0, 0, 0, NULL, 'MTS', NULL, '', NULL),
(1151, 81, 102, 588, 0, 'SIN EQUIVALENCIA', 0.00, 186, 0, 0, 0, 0, NULL, 'UNIDAD', NULL, '', NULL),
(1152, 81, 102, 586, 0, 'SIN EQUIVALENCIA', 0.00, 576, 0, 0, 0, 0, NULL, 'UNIDAD', NULL, '', NULL),
(1153, 81, 102, 619, 0, 'SIN EQUIVALENCIA', 0.00, 8981, 0, 0, 0, 0, NULL, 'UNIDAD', NULL, '', NULL),
(1154, 81, 102, 620, 0, 'SIN EQUIVALENCIA', 0.00, 10755, 0, 0, 0, 0, NULL, 'UNIDAD', NULL, '', NULL),
(1155, 38, 103, 593, 0, 'PLACA FUNDACION 1/2', 0.10, 84, 0, 0, 0, 0, NULL, 'MTS2', NULL, '', NULL),
(1156, 38, 103, 593, 0, 'PLACA FUNDACION 1/2', 0.09, 42, 0, 0, 0, 0, NULL, 'MTS2', NULL, '', NULL),
(1157, 38, 103, 557, 0, '600 X 2.9 X 165 X 6.4', 7.99, 42, 0, 0, 0, 0, NULL, 'MTS', NULL, '', NULL),
(1158, 38, 103, 557, 0, '500 X 4.8 X 250 X 6.4', 9.38, 42, 0, 0, 0, 0, NULL, 'MTS', NULL, '', NULL),
(1159, 38, 103, 372, 0, '250 X 4.8 X 125 X 6.4', 8.66, 4, 0, 0, 0, 0, NULL, 'MTS', NULL, '', NULL),
(1160, 38, 103, 372, 0, '250 X 4.8 X 125 X 6.4', 9.93, 2, 0, 0, 0, 0, NULL, 'MTS', NULL, '', NULL),
(1161, 38, 103, 559, 0, '500 X 4.8 X 165 X 6.4', 20.00, 42, 0, 0, 0, 0, NULL, 'MTS', NULL, '', NULL),
(1162, 38, 103, 377, 0, '140 X 60 X 2', 10.00, 340, 0, 0, 0, 0, NULL, 'MTS', NULL, '', NULL),
(1164, 38, 103, 380, 0, 'PALOTES (140)', 10.00, 20, 0, 0, 0, 0, NULL, 'MTS', NULL, '', NULL),
(1165, 38, 103, 376, 0, '140 X 60 X 2', 10.00, 120, 0, 0, 0, 0, NULL, 'MTS', NULL, '', NULL),
(1166, 38, 103, 376, 0, '140 X 60 X 2', 6.75, 16, 0, 0, 0, 0, NULL, 'MTS', NULL, '', NULL),
(1167, 38, 103, 376, 0, '140 X 60 X 2', 6.86, 12, 0, 0, 0, 0, NULL, 'MTS', NULL, '', NULL),
(1168, 38, 103, 376, 0, '140 X 60 X 2', 13.09, 16, 0, 0, 0, 0, NULL, 'MTS', NULL, '', NULL),
(1169, 38, 103, 376, 0, '140 X 60 X 2', 0.80, 6, 0, 0, 0, 0, NULL, 'MTS', NULL, '', NULL),
(1170, 38, 103, 570, 0, 'CINCALUM', 10.93, 202, 0, 0, 0, 0, NULL, 'MTS', NULL, '', NULL),
(1172, 38, 103, 570, 0, 'CINCALUM', 9.50, 202, 0, 0, 0, 0, NULL, 'MTS', NULL, '', NULL),
(1173, 38, 103, 565, 0, 'CINCALUM', 8.65, 1, 0, 0, 0, 0, NULL, 'MTS', NULL, '', NULL),
(1174, 38, 103, 565, 0, 'CINCALUM', 10.05, 6, 0, 0, 0, 0, NULL, 'MTS', NULL, '', NULL),
(1175, 38, 103, 565, 0, 'CINCALUM', 5.53, 7, 0, 0, 0, 0, NULL, 'MTS', NULL, '', NULL),
(1176, 38, 103, 565, 0, 'CINCALUM', 10.70, 7, 0, 0, 0, 0, NULL, 'MTS', NULL, '', NULL),
(1177, 38, 103, 565, 0, 'CINCALUM', 4.74, 6, 0, 0, 0, 0, NULL, 'MTS', NULL, '', NULL),
(1178, 38, 103, 565, 0, 'CINCALUM', 9.30, 7, 0, 0, 0, 0, NULL, 'MTS', NULL, '', NULL),
(1180, 38, 103, 565, 0, 'CINCALUM', 10.07, 28, 0, 0, 0, 0, NULL, 'MTS', NULL, '', NULL),
(1181, 38, 103, 565, 0, 'CINCALUM', 10.72, 13, 0, 0, 0, 0, NULL, 'MTS', NULL, '', NULL),
(1182, 38, 103, 565, 0, 'CINCALUM', 8.60, 202, 0, 0, 0, 0, NULL, 'MTS', NULL, '', NULL),
(1184, 38, 103, 581, 0, 'CENEFA', 2.70, 282, 0, 0, 0, 0, NULL, 'UNIDAD', NULL, '', NULL),
(1185, 38, 103, 574, 0, 'CANALETAS', 100.00, 2, 0, 0, 0, 0, NULL, 'MTS', NULL, '', NULL),
(1186, 38, 103, 583, 0, 'PORTON', 33.08, 3, 0, 0, 0, 0, NULL, 'MTS', NULL, '', NULL),
(1187, 38, 103, 588, 0, 'SIN EQUIVALENCIA', 0.00, 420, 0, 0, 0, 0, NULL, 'UNIDAD', NULL, '', NULL),
(1189, 38, 103, 586, 0, 'SIN EQUIVALENCIA', 0.00, 2296, 0, 0, 0, 0, NULL, 'UNIDAD', NULL, '', NULL),
(1190, 38, 103, 619, 0, 'SIN EQUIVALENCIA', 0.00, 19837, 0, 0, 0, 0, NULL, 'UNIDAD', NULL, '', NULL),
(1191, 38, 103, 620, 0, 'SIN EQUIVALENCIA', 0.00, 11830, 0, 0, 0, 0, NULL, 'UNIDAD', NULL, '', NULL),
(1193, 63, 104, 593, 65, 'SIN EQUIVALENCIA', 21.74, 32, 0, 0, 0, 0, NULL, 'KG', NULL, '', NULL),
(1194, 63, 104, 557, 29, '500 X 4.8 X 150 X 6.4', 10.00, 26, 0, 0, 0, 0, NULL, 'MTS', NULL, '', NULL),
(1195, 63, 104, 372, 130, '250 X 4.8 X 125 X 6.4', 10.65, 4, 0, 0, 0, 0, NULL, 'MTS', NULL, '', NULL),
(1196, 63, 104, 372, 130, '250 X 4.8 X 125 X 6.4', 11.23, 2, 0, 0, 0, 0, NULL, 'MTS', NULL, '', NULL),
(1197, 63, 104, 559, 29, '500 X 4.8 X 150 X 6.4', 11.94, 26, 0, 0, 0, 0, NULL, 'MTS', NULL, '', NULL),
(1198, 63, 104, 560, 44, 'PALOTES (140)', 6.23, 4, 0, 0, 0, 0, NULL, 'MTS', NULL, '', NULL),
(1199, 63, 104, 377, 32, '140 X 60 X 2', 12.76, 40, 0, 0, 0, 0, NULL, 'MTS', NULL, '', NULL),
(1200, 63, 104, 377, 32, '140 X 60 X 2', 12.62, 80, 0, 0, 0, 0, NULL, 'MTS', NULL, '', NULL),
(1203, 63, 104, 380, 44, 'PALOTES (140)', 12.76, 4, 0, 0, 0, 0, NULL, 'MTS', NULL, '', NULL),
(1204, 63, 104, 380, 44, 'PALOTES (140)', 12.62, 8, 0, 0, 0, 0, NULL, 'MTS', NULL, '', NULL),
(1205, 63, 104, 376, 32, '140 X 60 X 2', 12.76, 32, 0, 0, 0, 0, NULL, 'MTS', NULL, '', NULL),
(1206, 63, 104, 376, 32, '140 X 60 X 2', 12.62, 64, 0, 0, 0, 0, NULL, 'MTS', NULL, '', NULL),
(1207, 63, 104, 685, 32, '140 X 60 X 2', 5.93, 36, 0, 0, 0, 0, NULL, 'MTS', NULL, '', NULL),
(1208, 63, 104, 685, 32, '140 X 60 X 2', 5.99, 16, 0, 0, 0, 0, NULL, 'MTS', NULL, '', NULL),
(1209, 63, 104, 570, 63, 'ACANALADA', 12.20, 154, 0, 0, 0, 0, NULL, 'MTS', NULL, '', NULL),
(1211, 63, 104, 565, 121, 'CHAPA PREPINTADA', 10.60, 154, 0, 0, 0, 0, NULL, 'MTS', NULL, '', NULL),
(1214, 63, 104, 565, 63, 'ACANALADA', 490.00, 1, 0, 0, 0, 0, NULL, 'KG', NULL, '', NULL),
(1215, 63, 104, 381, 32, '140 X 60 X 2', 5.72, 12, 0, 0, 0, 0, NULL, 'MTS', NULL, '', NULL),
(1216, 63, 104, 381, 32, '140 X 60 X 2', 5.79, 12, 0, 0, 0, 0, NULL, 'MTS', NULL, '', NULL),
(1217, 63, 104, 381, 32, '140 X 60 X 2', 6.16, 12, 0, 0, 0, 0, NULL, 'MTS', NULL, '', NULL),
(1218, 63, 104, 381, 32, '140 X 60 X 2', 6.21, 60, 0, 0, 0, 0, NULL, 'MTS', NULL, '', NULL),
(1220, 63, 104, 571, 44, 'PALOTES (140)', 2.60, 36, 0, 0, 0, 0, NULL, 'MTS', NULL, '', NULL),
(1221, 63, 104, 581, 91, 'TRAPEZOIDAL', 2.00, 206, 0, 0, 0, 0, NULL, 'MTS', NULL, '', NULL),
(1222, 63, 104, 574, 110, 'CANALETAS', 76.00, 2, 0, 0, 0, 0, NULL, 'MTS', NULL, '', NULL),
(1223, 63, 104, 583, 118, 'PORTON', 30.84, 2, 0, 0, 0, 0, NULL, 'MTS', NULL, '', NULL),
(1224, 63, 104, 588, 65, 'SIN EQUIVALENCIA', 0.00, 234, 0, 0, 0, 0, NULL, 'UNIDAD', NULL, '', NULL),
(1225, 63, 104, 586, 65, 'SIN EQUIVALENCIA', 0.00, 1040, 0, 0, 0, 0, NULL, 'UNIDAD', NULL, '', NULL),
(1226, 63, 104, 619, 65, 'SIN EQUIVALENCIA', 0.00, 9120, 0, 0, 0, 0, NULL, 'UNIDAD', NULL, '', NULL),
(1227, 63, 104, 620, 65, 'SIN EQUIVALENCIA', 0.00, 10612, 0, 0, 0, 0, NULL, 'UNIDAD', NULL, '', NULL),
(1232, 63, 104, 659, 63, 'ACANALADA', 2.45, 1, 0, 0, 0, 0, 0.00, 'MTS', 0.00, '', NULL),
(1233, 99, 105, 593, 129, '', 0.10, 5, 0, 0, 0, 0, 0.00, 'MTS', 0.00, '', NULL),
(1237, 99, 105, 557, 150, '', 2.42, 5, 0, 0, 0, 0, 63.16, 'MTS', 315.81, '', NULL),
(1238, 99, 105, 559, 151, '', 1.54, 5, 0, 0, 0, 0, 63.84, 'MTS', 319.20, '', NULL),
(1239, 99, 105, 377, 32, '', 10.00, 10, 0, 0, 0, 0, 225.15, 'MTS', 1125.74, '', NULL),
(1240, 99, 105, 380, 44, '', 10.00, 2, 0, 0, 0, 0, 47.40, 'MTS', 474.00, '', NULL),
(1241, 99, 105, 570, 91, '', 1.65, 6, 0, 0, 0, 0, 90.00, 'MTS', 180.00, '', NULL),
(1242, 99, 105, 588, 65, '', 0.00, 20, 0, 0, 0, 0, 7.64, 'UNIDAD', 45.84, '', NULL),
(1243, 99, 105, 586, 65, '', 0.00, 60, 0, 0, 0, 0, 0.00, 'UNIDAD', 0.00, '', NULL),
(1244, 99, 105, 619, 65, '', 0.00, 578, 0, 0, 0, 0, 0.00, 'UNIDAD', 0.00, '', NULL);

-- --------------------------------------------------------

--
-- Estructura de tabla para la tabla `presupuestotemporal`
--

CREATE TABLE `presupuestotemporal` (
  `id` int(10) NOT NULL,
  `id_cliente` int(10) NOT NULL,
  `id_obra` int(10) NOT NULL,
  `id_producto` int(10) NOT NULL,
  `id_seccion` int(11) NOT NULL,
  `seccion` varchar(150) NOT NULL,
  `metros` decimal(10,2) NOT NULL,
  `cantidad` int(10) NOT NULL,
  `cant_proceso` int(11) NOT NULL,
  `cant_terminadas` int(11) NOT NULL,
  `cant_obra` int(11) NOT NULL,
  `nro_remito` int(11) NOT NULL,
  `peso` decimal(10,2) DEFAULT NULL,
  `unidad` varchar(50) NOT NULL,
  `pesototal` decimal(10,2) DEFAULT NULL,
  `estado` varchar(50) NOT NULL,
  `fecha_entrega` date DEFAULT NULL
) ENGINE=InnoDB DEFAULT CHARSET=utf8mb4 COLLATE=utf8mb4_general_ci;

-- --------------------------------------------------------

--
-- Estructura de tabla para la tabla `productos_vendidos`
--

CREATE TABLE `productos_vendidos` (
  `id` int(11) NOT NULL,
  `id_producto` int(11) NOT NULL,
  `cantidad` int(50) NOT NULL,
  `id_venta` int(11) NOT NULL,
  `fecha_entrega` timestamp NOT NULL DEFAULT current_timestamp() ON UPDATE current_timestamp()
) ENGINE=InnoDB DEFAULT CHARSET=utf8mb4 COLLATE=utf8mb4_general_ci;

-- --------------------------------------------------------

--
-- Estructura de tabla para la tabla `proveedores`
--

CREATE TABLE `proveedores` (
  `id` int(11) NOT NULL,
  `name` varchar(150) NOT NULL,
  `r_social` varchar(250) NOT NULL,
  `direccion` varchar(250) NOT NULL,
  `telefono` varchar(50) NOT NULL,
  `cuit` varchar(50) NOT NULL,
  `correo` varchar(150) NOT NULL,
  `fecha` timestamp NOT NULL DEFAULT current_timestamp() ON UPDATE current_timestamp()
) ENGINE=InnoDB DEFAULT CHARSET=utf8mb4 COLLATE=utf8mb4_general_ci;

--
-- Volcado de datos para la tabla `proveedores`
--

INSERT INTO `proveedores` (`id`, `name`, `r_social`, `direccion`, `telefono`, `cuit`, `correo`, `fecha`) VALUES
(12, 'ACEROS DUROS', 'A.C.I.N.D.A.R.', 'RUTA123 BS.AS.', '0112365487', '30-25441236-9', 'acindar@acindar.com.ar', '2023-08-07 14:05:17'),
(13, 'ACEROS BLANDOS', 'ACEROS CORDOBA', 'ESQUIU 1234 BS.AS.', '0112365487', '30-25456789-6', 'ACEROA@ACEROSCBA.COM.AR', '2023-08-07 14:05:48');

-- --------------------------------------------------------

--
-- Estructura de tabla para la tabla `remitosclientes`
--

CREATE TABLE `remitosclientes` (
  `id` int(11) NOT NULL,
  `numero` int(11) NOT NULL,
  `id_obra` int(10) NOT NULL,
  `id_cliente` int(11) NOT NULL,
  `descripcion` varchar(100) NOT NULL,
  `producto` int(10) NOT NULL,
  `seccion` varchar(150) NOT NULL,
  `metros` decimal(10,2) DEFAULT NULL,
  `desarrollo` int(11) DEFAULT NULL,
  `cantidad` int(10) DEFAULT NULL,
  `peso` decimal(10,2) DEFAULT NULL,
  `unidad` varchar(20) DEFAULT NULL,
  `pesototal` decimal(10,2) DEFAULT NULL,
  `id_categoria` varchar(20) NOT NULL,
  `fecha` varchar(15) NOT NULL
) ENGINE=InnoDB DEFAULT CHARSET=utf8 COLLATE=utf8_spanish2_ci;

--
-- Volcado de datos para la tabla `remitosclientes`
--

INSERT INTO `remitosclientes` (`id`, `numero`, `id_obra`, `id_cliente`, `descripcion`, `producto`, `seccion`, `metros`, `desarrollo`, `cantidad`, `peso`, `unidad`, `pesototal`, `id_categoria`, `fecha`) VALUES
(1, 0, 0, 0, '0', 0, '0', NULL, NULL, NULL, NULL, NULL, NULL, '', ''),
(530, 1, 0, 46, '', 374, 'SIN EQUIVALENCIA', 275.00, NULL, 58, NULL, 'KG', NULL, '', '05-09-2023'),
(531, 2, 0, 44, '', 395, 'SIN EQUIVALENCIA', 10.00, NULL, 10, NULL, 'UNIDAD', NULL, '', '05-09-2023'),
(533, 3, 0, 44, '', 434, 'SIN EQUIVALENCIA', 1.00, NULL, 30, NULL, 'UNIDAD', NULL, '', '05-09-2023'),
(534, 4, 0, 45, '', 434, 'SIN EQUIVALENCIA', 1.00, NULL, 30, NULL, 'UNIDAD', NULL, '', '05-09-2023'),
(535, 5, 0, 53, '', 371, '160 X 60 X 2', 11.42, NULL, 10, NULL, 'MTS', NULL, '', '05-09-2023'),
(536, 5, 0, 53, '', 371, '160 X 60 X 2', 6.06, NULL, 10, NULL, 'MTS', NULL, '', '05-09-2023'),
(537, 5, 0, 53, '', 435, '100 X 50 X 2', 2.52, NULL, 14, NULL, 'MTS', NULL, '', '05-09-2023'),
(538, 5, 0, 53, '', 436, 'COLUMNAS Y VIGAS ENTREPISO', 5.70, NULL, 2, NULL, 'MTS', NULL, '', '05-09-2023'),
(539, 5, 0, 53, '', 436, 'COLUMNAS Y VIGAS ENTREPISO', 5.20, NULL, 2, NULL, 'MTS', NULL, '', '05-09-2023'),
(540, 5, 0, 53, '', 436, 'COLUMNAS Y VIGAS ENTREPISO', 8.45, NULL, 2, NULL, 'MTS', NULL, '', '05-09-2023'),
(541, 5, 0, 53, '', 436, 'COLUMNAS Y VIGAS ENTREPISO', 6.25, NULL, 1, NULL, 'MTS', NULL, '', '05-09-2023'),
(543, 6, 0, 38, '', 438, 'SIN EQUIVALENCIA', 1.00, NULL, 10, NULL, 'MTS', NULL, '', '05-09-2023'),
(544, 6, 0, 38, '', 439, 'SIN EQUIVALENCIA', 1.00, NULL, 6, NULL, 'UNIDAD', NULL, '', '05-09-2023'),
(546, 6, 0, 38, '', 437, 'SIN EQUIVALENCIA', 200.00, NULL, 1, NULL, 'KG', NULL, '', '05-09-2023'),
(547, 7, 0, 46, '', 440, 'SIN EQUIVALENCIA', 6.00, NULL, 1, NULL, 'MTS', NULL, '', '05-09-2023'),
(548, 7, 0, 46, '', 440, 'SIN EQUIVALENCIA', 2.85, NULL, 1, NULL, 'MTS', NULL, '', '05-09-2023'),
(549, 7, 0, 46, '', 440, 'SIN EQUIVALENCIA', 2.00, NULL, 1, NULL, 'MTS', NULL, '', '05-09-2023'),
(574, 8, 0, 54, '', 441, 'SIN EQUIVALENCIA', 0.00, NULL, 1, NULL, 'UNIDAD', NULL, '', '05-09-2023'),
(576, 9, 0, 55, '', 435, 'SIN EQUIVALENCIA', 2.50, NULL, 1, NULL, 'MTS', NULL, '', '05-09-2023'),
(577, 9, 0, 55, '', 442, 'SIN EQUIVALENCIA', 0.00, NULL, 2, NULL, 'UNIDAD', NULL, '', '05-09-2023'),
(578, 10, 0, 56, '', 443, 'PERFIL U', 6.15, NULL, 14, NULL, 'MTS', NULL, '', '06-09-2023'),
(580, 10, 0, 56, '', 435, '100 X 50 X 0.5', 6.15, NULL, 25, NULL, 'MTS', NULL, '', '06-09-2023'),
(581, 10, 0, 56, '', 444, 'SIN EQUIVALENCIA', 0.00, NULL, 6, NULL, 'UNIDAD', NULL, '', '06-09-2023'),
(582, 10, 0, 56, '', 445, 'SIN EQUIVALENCIA', 0.00, NULL, 2, NULL, 'UNIDAD', NULL, '', '06-09-2023'),
(583, 10, 0, 56, '', 446, 'SIN EQUIVALENCIA', 0.00, NULL, 8, NULL, 'UNIDAD', NULL, '', '06-09-2023'),
(584, 10, 0, 56, '', 447, 'SIN EQUIVALENCIA', 3.00, NULL, 3, NULL, 'KG', NULL, '', '06-09-2023'),
(585, 10, 0, 56, '', 448, 'SIN EQUIVALENCIA', 0.00, NULL, 10, NULL, 'UNIDAD', NULL, '', '06-09-2023'),
(586, 11, 0, 56, '', 449, 'SIN EQUIVALENCIA', 0.00, NULL, 60, NULL, 'UNIDAD', NULL, '', '06-09-2023'),
(587, 11, 0, 56, '', 450, 'SIN EQUIVALENCIA', 0.00, NULL, 1000, NULL, 'UNIDAD', NULL, '', '06-09-2023'),
(588, 11, 0, 56, '', 451, 'SIN EQUIVALENCIA', 0.00, NULL, 2, NULL, 'UNIDAD', NULL, '', '06-09-2023'),
(589, 11, 0, 56, '', 452, 'SIN EQUIVALENCIA', 0.00, NULL, 1000, NULL, 'UNIDAD', NULL, '', '06-09-2023'),
(590, 11, 0, 56, '', 453, 'SIN EQUIVALENCIA', 0.00, NULL, 4, NULL, 'UNIDAD', NULL, '', '06-09-2023'),
(591, 11, 0, 56, '', 454, 'SIN EQUIVALENCIA', 0.00, NULL, 500, NULL, 'UNIDAD', NULL, '', '06-09-2023'),
(592, 11, 0, 56, '', 455, 'SIN EQUIVALENCIA', 0.00, NULL, 2000, NULL, 'UNIDAD', NULL, '', '06-09-2023'),
(593, 11, 0, 56, '', 457, 'SIN EQUIVALENCIA', 0.00, NULL, 2500, NULL, 'UNIDAD', NULL, '', '06-09-2023'),
(594, 11, 0, 56, '', 456, 'SIN EQUIVALENCIA', 0.00, NULL, 2500, NULL, 'UNIDAD', NULL, '', '06-09-2023'),
(595, 11, 0, 56, '', 458, 'SIN EQUIVALENCIA', 0.00, NULL, 40, NULL, 'UNIDAD', NULL, '', '06-09-2023'),
(596, 11, 0, 56, '', 459, 'SIN EQUIVALENCIA', 0.00, NULL, 3, NULL, 'UNIDAD', NULL, '', '06-09-2023'),
(597, 11, 0, 56, '', 460, 'SIN EQUIVALENCIA', 0.00, NULL, 50, NULL, 'UNIDAD', NULL, '', '06-09-2023'),
(599, 11, 0, 56, '', 461, 'SIN EQUIVALENCIA', 0.00, NULL, 300, NULL, 'UNIDAD', NULL, '', '06-09-2023'),
(600, 11, 0, 56, '', 462, 'SIN EQUIVALENCIA', 0.00, NULL, 300, NULL, 'UNIDAD', NULL, '', '06-09-2023'),
(602, 11, 0, 56, '', 463, 'SIN EQUIVALENCIA', 0.00, NULL, 15, NULL, 'PAQUETE', NULL, '', '06-09-2023'),
(603, 11, 0, 56, '', 465, 'SIN EQUIVALENCIA', 0.00, NULL, 8, NULL, 'PAQUETE', NULL, '', '06-09-2023'),
(606, 11, 0, 56, '', 466, 'SIN EQUIVALENCIA', 0.00, NULL, 2, NULL, 'PAQUETE', NULL, '', '06-09-2023'),
(607, 11, 0, 56, '', 464, 'SIN EQUIVALENCIA', 0.00, NULL, 7, NULL, 'PAQUETE', NULL, '', '06-09-2023'),
(608, 11, 0, 56, '', 467, 'SIN EQUIVALENCIA', 0.00, NULL, 8, NULL, 'UNIDAD', NULL, '', '06-09-2023'),
(609, 11, 0, 56, '', 468, 'SIN EQUIVALENCIA', 0.00, NULL, 2, NULL, 'UNIDAD', NULL, '', '06-09-2023'),
(610, 11, 0, 56, '', 469, 'SIN EQUIVALENCIA', 50.00, NULL, 2, NULL, 'MTS', NULL, '', '06-09-2023'),
(611, 11, 0, 56, '', 470, 'SIN EQUIVALENCIA', 0.00, NULL, 10, NULL, 'UNIDAD', NULL, '', '06-09-2023'),
(612, 11, 0, 56, '', 471, 'SIN EQUIVALENCIA', 0.00, NULL, 6, NULL, 'UNIDAD', NULL, '', '06-09-2023'),
(613, 11, 0, 56, '', 472, 'SIN EQUIVALENCIA', 0.00, NULL, 20, NULL, 'UNIDAD', NULL, '', '06-09-2023'),
(614, 11, 0, 56, '', 473, 'SIN EQUIVALENCIA', 0.00, NULL, 3, NULL, 'UNIDAD', NULL, '', '06-09-2023'),
(615, 11, 0, 56, '', 474, 'SIN EQUIVALENCIA', 0.00, NULL, 3, NULL, 'UNIDAD', NULL, '', '06-09-2023'),
(616, 11, 0, 56, '', 476, 'SIN EQUIVALENCIA', 0.00, NULL, 4, NULL, 'UNIDAD', NULL, '', '06-09-2023'),
(617, 11, 0, 56, '', 477, 'SIN EQUIVALENCIA', 0.00, NULL, 1, NULL, 'PAQUETE', NULL, '', '06-09-2023'),
(618, 11, 0, 56, '', 478, 'SIN EQUIVALENCIA', 0.00, NULL, 1, NULL, 'PAQUETE', NULL, '', '06-09-2023'),
(619, 12, 0, 44, '', 521, 'SIN EQUIVALENCIA', 0.00, NULL, 100, NULL, 'UNIDAD', NULL, '', '06-09-2023'),
(620, 13, 0, 44, '', 524, 'SIN EQUIVALENCIA', 7.09, NULL, 165, NULL, 'KG', NULL, '', '06-09-2023'),
(621, 13, 0, 44, '', 525, 'SIN EQUIVALENCIA', 660.00, NULL, 1, NULL, 'KG', NULL, '', '06-09-2023'),
(623, 13, 0, 44, '', 522, 'SIN EQUIVALENCIA', 2.94, NULL, 136, NULL, 'UNIDAD', NULL, '', '06-09-2023'),
(624, 13, 0, 44, '', 523, 'SIN EQUIVALENCIA', 2.66, NULL, 60, NULL, 'KG', NULL, '', '06-09-2023'),
(625, 14, 0, 44, '', 474, 'SIN EQUIVALENCIA', 0.00, NULL, 1, NULL, 'UNIDAD', NULL, '', '06-09-2023'),
(626, 14, 0, 44, '', 455, 'SIN EQUIVALENCIA', 0.00, NULL, 150, NULL, 'UNIDAD', NULL, '', '06-09-2023'),
(627, 14, 0, 44, '', 526, 'SIN EQUIVALENCIA', 0.00, NULL, 10, NULL, 'UNIDAD', NULL, '', '06-09-2023'),
(628, 15, 0, 57, '', 527, 'SIN EQUIVALENCIA', 0.00, NULL, 5, NULL, 'UNIDAD', NULL, '', '06-09-2023'),
(629, 16, 0, 44, '', 528, 'SIN EQUIVALENCIA', 0.00, NULL, 48, NULL, 'UNIDAD', NULL, '', '06-09-2023'),
(632, 17, 0, 58, '', 529, 'BORREGO LOTE 3', 1.00, NULL, 62, NULL, 'KG', NULL, '', '07-09-2023'),
(633, 17, 0, 58, '', 447, 'DIQUESITO', 1.00, NULL, 233, NULL, 'KG', NULL, '', '07-09-2023'),
(634, 17, 0, 58, '', 447, 'BORREGO LOTE 1', 1.00, NULL, 8, NULL, 'KG', NULL, '', '07-09-2023'),
(635, 17, 0, 58, '', 447, 'BORREGO LOTE 2', 1.00, NULL, 6, NULL, 'KG', NULL, '', '07-09-2023'),
(636, 17, 0, 58, '', 447, 'BORREGO LOTE 1 NAVE 3', 1.00, NULL, 10, NULL, 'KG', NULL, '', '07-09-2023'),
(637, 18, 0, 58, '', 529, 'CEDICOR', 1.00, NULL, 32, NULL, 'KG', NULL, '', '07-09-2023'),
(638, 18, 0, 58, '', 447, 'NAVE LOCALES', 1.00, NULL, 78, NULL, 'KG', NULL, '', '07-09-2023'),
(639, 18, 0, 58, '', 529, 'ANTUÑA', 1.00, NULL, 56, NULL, 'KG', NULL, '', '07-09-2023'),
(640, 18, 0, 58, '', 529, 'BORREGO LOTE 3', 1.00, NULL, 42, NULL, 'KG', NULL, '', '07-09-2023'),
(642, 19, 0, 58, '', 529, 'BORREGO MANZANA K LOTE 50', 4.28, NULL, 7, NULL, 'KG', NULL, '', '07-09-2023'),
(643, 20, 0, 59, '', 530, 'SIN EQUIVALENCIA', 325.00, NULL, 17, NULL, 'KG', NULL, '', '07-09-2023'),
(644, 20, 0, 59, '', 372, 'SIN EQUIVALENCIA', 25.00, NULL, 8, NULL, 'KG', NULL, '', '07-09-2023'),
(645, 21, 0, 60, '', 531, 'SIN EQUIVALENCIA', 1.40, NULL, 2, NULL, 'KG', NULL, '', '07-09-2023'),
(647, 21, 0, 60, '', 531, 'SIN EQUIVALENCIA', 1.00, NULL, 2, NULL, 'KG', NULL, '', '07-09-2023'),
(649, 22, 0, 61, '', 392, 'SIN EQUIVALENCIA', 5.70, NULL, 10, NULL, 'MTS', NULL, '', '07-09-2023'),
(650, 22, 0, 61, '', 392, 'SIN EQUIVALENCIA', 3.60, NULL, 10, NULL, 'MTS', NULL, '', '07-09-2023'),
(651, 22, 0, 61, '', 534, 'SIN EQUIVALENCIA', 3.00, NULL, 1, NULL, 'MTS', NULL, '', '07-09-2023'),
(652, 22, 0, 61, '', 535, 'SIN EQUIVALENCIA', 4.55, NULL, 2, NULL, 'MTS', NULL, '', '07-09-2023'),
(653, 22, 0, 61, '', 535, 'SIN EQUIVALENCIA', 5.05, NULL, 2, NULL, 'MTS', NULL, '', '07-09-2023'),
(654, 22, 0, 61, '', 532, 'SIN EQUIVALENCIA', 0.00, NULL, 4, NULL, 'UNIDAD', NULL, '', '07-09-2023'),
(655, 22, 0, 61, '', 533, 'SIN EQUIVALENCIA', 1.00, NULL, 1, NULL, 'UNIDAD', NULL, '', '07-09-2023'),
(656, 23, 0, 46, '', 447, 'SIN EQUIVALENCIA', 2.44, NULL, 2, NULL, 'MTS', NULL, '', '08-09-2023'),
(657, 23, 0, 46, '', 536, 'SIN EQUIVALENCIA', 0.00, NULL, 30, NULL, 'UNIDAD', NULL, '', '08-09-2023'),
(658, 23, 0, 46, '', 537, 'SIN EQUIVALENCIA', 0.25, NULL, 1, NULL, 'MTS', NULL, '', '08-09-2023'),
(659, 24, 0, 46, '', 538, 'SIN EQUIVALENCIA', 0.50, NULL, 1, NULL, 'UNIDAD', NULL, '', '08-09-2023'),
(660, 24, 0, 46, '', 539, 'SIN EQUIVALENCIA', 0.50, NULL, 1, NULL, 'UNIDAD', NULL, '', '08-09-2023'),
(662, 25, 0, 62, '', 454, 'SIN EQUIVALENCIA', 0.00, NULL, 2000, NULL, 'UNIDAD', NULL, '', '08-09-2023'),
(663, 26, 0, 44, '', 549, 'SIN EQUIVALENCIA', 0.00, NULL, 4, NULL, 'UNIDAD', NULL, '', '08-09-2023'),
(664, 26, 0, 44, '', 550, 'SIN EQUIVALENCIA', 0.00, NULL, 4, NULL, 'UNIDAD', NULL, '', '08-09-2023'),
(665, 26, 0, 44, '', 551, 'SIN EQUIVALENCIA', 0.00, NULL, 4, NULL, 'UNIDAD', NULL, '', '08-09-2023'),
(666, 27, 0, 63, '', 552, '80 X 40 X 15 X 2', 6.00, NULL, 6, NULL, 'MTS', NULL, '', '08-09-2023'),
(667, 28, 0, 64, '', 553, 'SIN EQUIVALENCIA', 0.00, NULL, 60, NULL, 'UNIDAD', NULL, '', '08-09-2023'),
(669, 29, 0, 66, '', 566, 'CHAPA TRAPEZOIDAL', 2.00, NULL, 56, NULL, 'MTS', NULL, '', '11-09-2023'),
(670, 29, 0, 66, '', 392, 'CHAPA ACANALADA', 12.40, NULL, 160, NULL, 'MTS', NULL, '', '11-09-2023'),
(671, 29, 0, 66, '', 567, 'CHAPA TRAPEZOIDAL', 9.25, NULL, 160, NULL, 'MTS', NULL, '', '11-09-2023'),
(672, 29, 0, 66, '', 568, 'SIN EQUIVALENCIA', 0.00, NULL, 17, NULL, 'MTS', NULL, '', '11-09-2023'),
(674, 30, 0, 44, '', 370, '140 X 60 X 2', 3.00, NULL, 7, NULL, 'MTS', NULL, '', '11-09-2023'),
(675, 31, 0, 65, '', 454, 'SIN EQUIVALENCIA', 0.00, NULL, 2000, NULL, 'UNIDAD', NULL, '', '11-09-2023'),
(676, 31, 0, 65, '', 569, 'SIN EQUIVALENCIA', 0.00, NULL, 2000, NULL, 'UNIDAD', NULL, '', '11-09-2023'),
(677, 31, 0, 65, '', 526, 'SIN EQUIVALENCIA', 0.00, NULL, 5, NULL, 'UNIDAD', NULL, '', '11-09-2023'),
(678, 32, 0, 64, '', 457, 'SIN EQUIVALENCIA', 0.00, NULL, 5000, NULL, 'UNIDAD', NULL, '', '11-09-2023'),
(679, 33, 0, 44, '', 462, 'SIN EQUIVALENCIA', 0.00, NULL, 1000, NULL, 'UNIDAD', NULL, '', '11-09-2023'),
(680, 33, 0, 44, '', 461, 'SIN EQUIVALENCIA', 0.00, NULL, 1000, NULL, 'UNIDAD', NULL, '', '11-09-2023'),
(681, 33, 0, 44, '', 478, 'SIN EQUIVALENCIA', 0.00, NULL, 1, NULL, 'UNIDAD', NULL, '', '11-09-2023'),
(682, 34, 0, 44, '', 434, 'SIN EQUIVALENCIA', 0.00, NULL, 18, NULL, 'UNIDAD', NULL, '', '11-09-2023'),
(683, 34, 0, 44, '', 393, 'CHAPA ACANALADA', 10.00, NULL, 11, NULL, 'MTS', NULL, '', '11-09-2023'),
(684, 35, 0, 56, '', 456, 'N/A', 0.00, NULL, 2000, NULL, 'UNIDAD', NULL, '', '12-09-2023'),
(685, 35, 0, 56, '', 580, 'N/A', 0.00, NULL, 2, NULL, 'UNIDAD', NULL, '', '12-09-2023'),
(686, 36, 0, 44, '', 584, 'N/A', 0.00, NULL, 4, NULL, 'UNIDAD', NULL, '', '12-09-2023'),
(687, 36, 0, 44, '', 585, 'N/A', 0.00, NULL, 2, NULL, 'UNIDAD', NULL, '', '12-09-2023'),
(688, 37, 0, 53, '', 586, 'N/A', 0.00, NULL, 132, NULL, 'UNIDAD', NULL, '', '12-09-2023'),
(689, 37, 0, 53, '', 588, 'N/A', 0.00, NULL, 18, NULL, 'UNIDAD', NULL, '', '12-09-2023'),
(690, 38, 0, 45, '', 589, '120 X 50 X 2', 2.00, NULL, 3, NULL, 'MTS', NULL, '', '12-09-2023'),
(691, 38, 0, 45, '', 591, 'N/A', 0.00, NULL, 1, NULL, 'UNIDAD', NULL, '', '12-09-2023'),
(692, 39, 0, 44, '', 569, 'N/A', 0.00, NULL, 2400, NULL, 'UNIDAD', NULL, '', '12-09-2023'),
(693, 39, 0, 44, '', 550, 'N/A', 0.00, NULL, 2, NULL, 'UNIDAD', NULL, '', '12-09-2023'),
(694, 40, 0, 69, '', 392, 'CHAPA CINCALUM', 3.90, NULL, 8, NULL, 'MTS', NULL, '', '12-09-2023'),
(695, 40, 0, 69, '', 392, 'CHAPA CINCALUM', 2.50, NULL, 6, NULL, 'MTS', NULL, '', '12-09-2023'),
(696, 40, 0, 69, '', 592, 'N/A', 0.00, NULL, 4, NULL, 'UNIDAD', NULL, '', '12-09-2023'),
(697, 41, 0, 70, '', 593, 'N/A', 35.00, NULL, 9, NULL, 'KG', NULL, '', '12-09-2023'),
(698, 42, 0, 42, '', 374, '500 X 6,4 X 185 X 6.4', 10.00, NULL, 25, NULL, 'MTS', NULL, '', '12-09-2023'),
(710, 43, 0, 44, '', 455, 'N/A', 0.00, NULL, 200, NULL, 'UNIDAD', NULL, '', '13-09-2023'),
(711, 43, 0, 44, '', 594, 'N/A', 0.00, NULL, 1, NULL, 'UNIDAD', NULL, '', '13-09-2023'),
(712, 44, 0, 71, '', 454, 'N/A', 0.00, NULL, 1000, NULL, 'UNIDAD', NULL, '', '13-09-2023'),
(713, 44, 0, 71, '', 569, 'N/A', 0.00, NULL, 750, NULL, 'UNIDAD', NULL, '', '13-09-2023'),
(715, 45, 0, 57, '', 447, 'N/A', 0.00, NULL, 9, NULL, 'UNIDAD', NULL, '', '13-09-2023'),
(716, 46, 0, 71, '', 392, 'CINCALUM', 3.70, NULL, 6, NULL, 'MTS', NULL, '', '13-09-2023'),
(717, 47, 0, 54, '', 595, 'N/A', 136.67, NULL, 6, NULL, 'KG', NULL, '', '13-09-2023'),
(718, 47, 0, 54, '', 380, 'N/A', 50.83, NULL, 6, NULL, 'KG', NULL, '', '13-09-2023'),
(720, 47, 0, 54, '', 588, 'N/A', 0.00, NULL, 50, NULL, 'UNIDAD', NULL, '', '13-09-2023'),
(721, 47, 0, 54, '', 586, 'N/A', 0.00, NULL, 105, NULL, 'UNIDAD', NULL, '', '13-09-2023'),
(723, 47, 0, 54, '', 381, '100 X 50 X 2', 10.00, NULL, 1, NULL, 'MTS', NULL, '', '13-09-2023'),
(724, 47, 0, 54, '', 377, '100 X 50 X 2', 9.95, NULL, 4, NULL, 'MTS', NULL, '', '13-09-2023'),
(725, 47, 0, 54, '', 377, '100 X 50 X 2', 9.89, NULL, 4, NULL, 'MTS', NULL, '', '13-09-2023'),
(726, 48, 0, 56, '', 448, 'N/A', 0.00, NULL, 4, NULL, 'UNIDAD', NULL, '', '13-09-2023'),
(727, 48, 0, 56, '', 596, 'N/A', 0.00, NULL, 10, NULL, 'UNIDAD', NULL, '', '13-09-2023'),
(728, 48, 0, 56, '', 597, 'N/A', 0.00, NULL, 2, NULL, 'UNIDAD', NULL, '', '13-09-2023'),
(729, 48, 0, 56, '', 451, 'N/A', 0.00, NULL, 1, NULL, 'UNIDAD', NULL, '', '13-09-2023'),
(730, 49, 0, 45, '', 594, 'N/A', 0.00, NULL, 1, NULL, 'UNIDAD', NULL, '', '13-09-2023'),
(731, 49, 0, 45, '', 598, 'N/A', 0.00, NULL, 10, NULL, 'UNIDAD', NULL, '', '13-09-2023'),
(732, 50, 0, 64, '', 553, 'N/A', 0.00, NULL, 60, NULL, 'UNIDAD', NULL, '', '13-09-2023'),
(733, 50, 0, 64, '', 459, 'N/A', 0.00, NULL, 4, NULL, 'UNIDAD', NULL, '', '13-09-2023'),
(734, 50, 0, 64, '', 580, 'N/A', 0.00, NULL, 4, NULL, 'UNIDAD', NULL, '', '13-09-2023'),
(735, 50, 0, 64, '', 467, 'N/A', 0.00, NULL, 4, NULL, 'UNIDAD', NULL, '', '13-09-2023'),
(736, 51, 0, 73, '', 392, 'CINCALUM', 8.00, NULL, 7, NULL, 'MTS', NULL, '', '13-09-2023'),
(739, 52, 0, 74, '', 600, 'N/A', 2.00, NULL, 2, NULL, 'MTS', NULL, '', '13-09-2023'),
(740, 52, 0, 74, '', 601, 'N/A', 2.00, NULL, 1, NULL, 'MTS', NULL, '', '13-09-2023'),
(741, 52, 0, 74, '', 603, 'N/A', 0.00, NULL, 10, NULL, 'UNIDAD', NULL, '', '13-09-2023'),
(742, 52, 0, 74, '', 602, 'N/A', 0.00, NULL, 1, NULL, 'UNIDAD', NULL, '', '13-09-2023'),
(743, 52, 0, 74, '', 604, 'N/A', 0.00, NULL, 2, NULL, 'UNIDAD', NULL, '', '13-09-2023'),
(744, 53, 0, 75, '', 566, 'CHAPA TRAPEZOIDAL', 5.30, NULL, 6, NULL, 'MTS', NULL, '', '13-09-2023'),
(745, 54, 0, 76, '', 605, 'CHAPA PREPINTADA', 2.44, NULL, 10, NULL, 'MTS', NULL, '', '13-09-2023'),
(746, 54, 0, 76, '', 607, 'N/A', 2.44, NULL, 2, NULL, 'MTS', NULL, '', '13-09-2023'),
(747, 55, 0, 71, '', 574, 'CANALETAS', 3.50, NULL, 1, NULL, 'MTS', NULL, '', '13-09-2023'),
(748, 55, 0, 71, '', 608, 'N/A', 2.44, NULL, 21, NULL, 'MTS', NULL, '', '13-09-2023'),
(749, 56, 0, 54, '', 594, 'N/A', 0.00, NULL, 1, NULL, 'UNIDAD', NULL, '', '13-09-2023'),
(751, 57, 0, 62, '', 569, 'N/A', 0.00, NULL, 2, NULL, 'UNIDAD', NULL, '', '13-09-2023'),
(752, 58, 0, 64, '', 457, 'N/A', 0.00, NULL, 5000, NULL, 'UNIDAD', NULL, '', '13-09-2023'),
(753, 59, 0, 44, '', 434, 'N/A', 0.00, NULL, 22, NULL, 'UNIDAD', NULL, '', '14-09-2023'),
(756, 60, 0, 45, '', 612, 'N/A', 25.00, NULL, 36, NULL, 'KG', NULL, '', '14-09-2023'),
(757, 60, 0, 45, '', 611, 'N/A', 50.00, NULL, 18, NULL, 'KG', NULL, '', '14-09-2023'),
(758, 60, 0, 45, '', 610, 'N/A', 0.00, NULL, 210, NULL, 'UNIDAD', NULL, '', '14-09-2023'),
(759, 60, 0, 45, '', 447, 'CHAPA PREPINTADA', 2.44, NULL, 18, NULL, 'MTS', NULL, '', '14-09-2023'),
(760, 61, 0, 44, '', 434, 'N/A', 0.00, NULL, 4, NULL, 'UNIDAD', NULL, '', '14-09-2023'),
(761, 62, 0, 44, '', 569, 'N/A', 0.00, NULL, 4, NULL, 'UNIDAD', NULL, '', '14-09-2023'),
(762, 62, 0, 44, '', 536, 'N/A', 0.00, NULL, 1, NULL, 'UNIDAD', NULL, '', '14-09-2023'),
(763, 62, 0, 44, '', 526, 'N/A', 0.00, NULL, 1, NULL, 'UNIDAD', NULL, '', '14-09-2023'),
(764, 63, 0, 77, '', 613, 'CINCALUM', 8.00, NULL, 6, NULL, 'MTS', NULL, '', '14-09-2023'),
(765, 64, 0, 42, '', 372, '262 X 4.8 X 148 X 6.4', 10.44, NULL, 2, NULL, 'MTS', NULL, '', '15-09-2023'),
(766, 64, 0, 42, '', 372, '262 X 4.8 X 148 X 6.4', 10.93, NULL, 2, NULL, 'MTS', NULL, '', '15-09-2023'),
(767, 64, 0, 42, '', 372, '262 X 4.8 X 148 X 6.4', 10.51, NULL, 2, NULL, 'MTS', NULL, '', '15-09-2023'),
(768, 64, 0, 42, '', 372, '262 X 4.8 X 148 X 6.4', 11.06, NULL, 2, NULL, 'MTS', NULL, '', '15-09-2023'),
(769, 64, 0, 42, '', 374, '500 X 6,4 X 185 X 6.4', 10.00, NULL, 9, NULL, 'MTS', NULL, '', '15-09-2023'),
(770, 65, 0, 59, '', 557, '375 X 4.8 X 148 X 6.4', 8.40, NULL, 6, NULL, 'MTS', NULL, '', '15-09-2023'),
(771, 65, 0, 59, '', 614, 'N/A', 50.00, NULL, 1, NULL, 'KG', NULL, '', '15-09-2023'),
(772, 66, 0, 79, '', 370, '140 X 60 X 2 F.302', 12.00, NULL, 52, NULL, 'MTS', NULL, '', '15-09-2023'),
(774, 66, 0, 79, '', 370, '140 X 60 X 2 F.320', 12.00, NULL, 40, NULL, 'MTS', NULL, '', '15-09-2023'),
(775, 67, 0, 44, '', 615, 'N/A', 0.00, NULL, 5, NULL, 'UNIDAD', NULL, '', '15-09-2023'),
(776, 67, 0, 44, '', 616, 'N/A', 0.00, NULL, 5, NULL, 'UNIDAD', NULL, '', '15-09-2023'),
(777, 67, 0, 44, '', 526, 'N/A', 0.00, NULL, 8, NULL, 'UNIDAD', NULL, '', '15-09-2023'),
(778, 67, 0, 44, '', 476, 'N/A', 0.00, NULL, 2, NULL, 'UNIDAD', NULL, '', '15-09-2023'),
(780, 68, 0, 53, '', 371, '160 X 60 X 2', 6.06, NULL, 3, NULL, 'MTS', NULL, '', '15-09-2023'),
(781, 68, 0, 53, '', 435, '100 X 50 X 2', 2.50, NULL, 1, NULL, 'MTS', NULL, '', '15-09-2023'),
(782, 68, 0, 53, '', 392, 'CINCALUM', 2.50, NULL, 6, NULL, 'MTS', NULL, '', '15-09-2023'),
(783, 68, 0, 53, '', 452, 'N/A', 0.00, NULL, 600, NULL, 'UNIDAD', NULL, '', '15-09-2023'),
(784, 69, 0, 81, '', 568, 'N/A', 0.00, NULL, 17, NULL, 'UNIDAD', NULL, '', '15-09-2023'),
(785, 70, 0, 80, '', 567, 'CHAPA PREPINTADA', 0.15, NULL, 200, NULL, 'MTS', NULL, '', '15-09-2023'),
(786, 71, 0, 66, '', 617, 'N/A', 1.00, NULL, 20, NULL, 'KG', NULL, '', '15-09-2023'),
(788, 71, 0, 66, '', 380, 'PALOTES (160)', 12.76, NULL, 4, NULL, 'MTS', NULL, '', '15-09-2023'),
(789, 71, 0, 66, '', 380, 'PALOTES (160)', 12.62, NULL, 4, NULL, 'MTS', NULL, '', '15-09-2023'),
(790, 71, 0, 66, '', 566, 'PREPINTADA', 2.00, NULL, 151, NULL, 'MTS', NULL, '', '15-09-2023'),
(791, 71, 0, 66, '', 381, '140 X 60 X 2', 6.16, NULL, 60, NULL, 'MTS', NULL, '', '15-09-2023'),
(792, 71, 0, 66, '', 381, '140 X 60 X 2.5', 6.16, NULL, 60, NULL, 'MTS', NULL, '', '15-09-2023'),
(793, 72, 0, 66, '', 381, '140 X 60 X 2.5', 6.09, NULL, 12, NULL, 'MTS', NULL, '', '15-09-2023'),
(796, 68, 0, 53, '', 618, 'N/A', 0.00, NULL, 30, NULL, 'UNIDAD', NULL, '', '15-09-2023'),
(797, 73, 0, 45, '', 549, 'N/A', 0.00, NULL, 5, NULL, 'UNIDAD', NULL, '', '18-09-2023'),
(798, 73, 0, 45, '', 615, 'N/A', 0.00, NULL, 5, NULL, 'UNIDAD', NULL, '', '18-09-2023'),
(799, 74, 0, 44, '', 434, 'N/A', 0.00, NULL, 5, NULL, 'UNIDAD', NULL, '', '18-09-2023'),
(800, 75, 0, 82, '', 618, 'SIN EQUIVALENCIA', 0.00, NULL, 25, NULL, 'UNIDAD', NULL, '', '18-09-2023'),
(801, 75, 0, 82, '', 449, 'SIN EQUIVALENCIA', 0.00, NULL, 75, NULL, 'UNIDAD', NULL, '', '18-09-2023'),
(802, 75, 0, 82, '', 553, 'SIN EQUIVALENCIA', 0.00, NULL, 20, NULL, 'UNIDAD', NULL, '', '18-09-2023'),
(803, 75, 0, 82, '', 621, 'SIN EQUIVALENCIA', 0.00, NULL, 7, NULL, 'UNIDAD', NULL, '', '18-09-2023'),
(804, 75, 0, 82, '', 464, 'SIN EQUIVALENCIA', 0.00, NULL, 2, NULL, 'PAQUETE', NULL, '', '18-09-2023'),
(805, 75, 0, 82, '', 466, 'SIN EQUIVALENCIA', 0.00, NULL, 8, NULL, 'UNIDAD', NULL, '', '18-09-2023'),
(806, 75, 0, 82, '', 453, 'SIN EQUIVALENCIA', 0.00, NULL, 3, NULL, 'UNIDAD', NULL, '', '18-09-2023'),
(807, 75, 0, 82, '', 622, 'SIN EQUIVALENCIA', 0.00, NULL, 1, NULL, 'UNIDAD', NULL, '', '18-09-2023'),
(808, 75, 0, 82, '', 467, 'SIN EQUIVALENCIA', 0.00, NULL, 2, NULL, 'UNIDAD', NULL, '', '18-09-2023'),
(809, 75, 0, 82, '', 623, 'SIN EQUIVALENCIA', 0.00, NULL, 1, NULL, 'UNIDAD', NULL, '', '18-09-2023'),
(810, 75, 0, 82, '', 468, 'SIN EQUIVALENCIA', 40.00, NULL, 2, NULL, 'LTS', NULL, '', '18-09-2023'),
(811, 75, 0, 82, '', 624, '100 X 40 X 0.94', 6.15, NULL, 14, NULL, 'MTS', NULL, '', '18-09-2023'),
(812, 75, 0, 82, '', 625, '103 X 30 X 0.94', 6.15, NULL, 3, NULL, 'MTS', NULL, '', '18-09-2023'),
(813, 75, 0, 82, '', 626, 'SIN EQUIVALENCIA', 0.00, NULL, 500, NULL, 'UNIDAD', NULL, '', '18-09-2023'),
(814, 75, 0, 82, '', 457, 'SIN EQUIVALENCIA', 0.00, NULL, 500, NULL, 'UNIDAD', NULL, '', '18-09-2023'),
(815, 75, 0, 82, '', 461, 'SIN EQUIVALENCIA', 0.00, NULL, 50, NULL, 'UNIDAD', NULL, '', '18-09-2023'),
(816, 75, 0, 82, '', 627, 'SIN EQUIVALENCIA', 0.00, NULL, 50, NULL, 'UNIDAD', NULL, '', '18-09-2023'),
(817, 75, 0, 82, '', 628, 'SIN EQUIVALENCIA', 0.00, NULL, 800, NULL, 'UNIDAD', NULL, '', '18-09-2023'),
(818, 75, 0, 82, '', 629, 'SIN EQUIVALENCIA', 0.00, NULL, 20, NULL, 'UNIDAD', NULL, '', '18-09-2023'),
(819, 75, 0, 82, '', 580, 'SIN EQUIVALENCIA', 0.00, NULL, 2, NULL, 'UNIDAD', NULL, '', '18-09-2023'),
(821, 75, 0, 82, '', 460, 'SIN EQUIVALENCIA', 0.00, NULL, 10, NULL, 'UNIDAD', NULL, '', '18-09-2023'),
(822, 75, 0, 82, '', 450, 'SIN EQUIVALENCIA', 0.00, NULL, 800, NULL, 'UNIDAD', NULL, '', '18-09-2023'),
(823, 75, 0, 82, '', 455, 'SIN EQUIVALENCIA', 0.00, NULL, 1000, NULL, 'UNIDAD', NULL, '', '18-09-2023'),
(824, 75, 0, 82, '', 456, 'SIN EQUIVALENCIA', 0.00, NULL, 300, NULL, 'UNIDAD', NULL, '', '18-09-2023'),
(825, 76, 0, 71, '', 630, 'SIN EQUIVALENCIA', 0.00, NULL, 6, NULL, 'UNIDAD', NULL, '', '18-09-2023'),
(826, 76, 0, 71, '', 631, 'SIN EQUIVALENCIA', 0.00, NULL, 4, NULL, 'UNIDAD', NULL, '', '18-09-2023'),
(827, 76, 0, 71, '', 632, 'SIN EQUIVALENCIA', 0.00, NULL, 4, NULL, 'UNIDAD', NULL, '', '18-09-2023'),
(828, 76, 0, 71, '', 633, 'SIN EQUIVALENCIA', 0.00, NULL, 2, NULL, 'UNIDAD', NULL, '', '18-09-2023'),
(829, 76, 0, 71, '', 634, 'SIN EQUIVALENCIA', 0.00, NULL, 1, NULL, 'UNIDAD', NULL, '', '18-09-2023'),
(830, 77, 0, 54, '', 635, 'SIN EQUIVALENCIA', 0.00, NULL, 1, NULL, 'LTS', NULL, '', '18-09-2023'),
(831, 77, 0, 54, '', 539, 'SIN EQUIVALENCIA', 0.00, NULL, 1, NULL, 'LTS', NULL, '', '18-09-2023'),
(832, 77, 0, 54, '', 474, 'SIN EQUIVALENCIA', 0.00, NULL, 1, NULL, 'LTS', NULL, '', '18-09-2023'),
(833, 77, 0, 54, '', 616, 'SIN EQUIVALENCIA', 0.00, NULL, 1, NULL, 'UNIDAD', NULL, '', '18-09-2023'),
(834, 77, 0, 54, '', 636, 'SIN EQUIVALENCIA', 0.00, NULL, 1, NULL, 'UNIDAD', NULL, '', '18-09-2023'),
(835, 78, 0, 82, '', 624, '100 X 40 X 0.94', 6.15, NULL, 20, NULL, 'MTS', NULL, '', '18-09-2023'),
(836, 78, 0, 82, '', 625, '103 X 30 X 0.94', 6.15, NULL, 12, NULL, 'MTS', NULL, '', '18-09-2023'),
(837, 78, 0, 82, '', 435, '100 X 50 X 2', 12.00, NULL, 3, NULL, 'MTS', NULL, '', '18-09-2023'),
(839, 79, 0, 44, '', 608, 'SIN EQUIVALENCIA', 2.44, NULL, 11, NULL, 'MTS', NULL, '', '19-09-2023'),
(840, 80, 0, 54, '', 392, 'CINCALUM', 6.33, NULL, 3, NULL, 'MTS', NULL, '', '19-09-2023'),
(841, 80, 0, 54, '', 392, 'CINCALUM', 7.40, NULL, 2, NULL, 'MTS', NULL, '', '19-09-2023'),
(842, 80, 0, 54, '', 392, 'CINCALUM', 11.40, NULL, 5, NULL, 'MTS', NULL, '', '19-09-2023'),
(843, 80, 0, 54, '', 392, 'CINCALUM', 4.75, NULL, 10, NULL, 'MTS', NULL, '', '19-09-2023'),
(844, 80, 0, 54, '', 574, 'CANALETAS', 17.00, NULL, 1, NULL, 'MTS', NULL, '', '19-09-2023'),
(845, 80, 0, 54, '', 528, 'CAÑO 30 X 30 X 6mts', 6.00, NULL, 4, NULL, 'MTS', NULL, '', '19-09-2023'),
(846, 80, 0, 54, '', 380, 'PALOTE CENEFA', 1.34, NULL, 8, NULL, 'MTS', NULL, '', '19-09-2023'),
(848, 80, 0, 54, '', 380, 'PALOTE CENEFA', 2.84, NULL, 2, NULL, 'MTS', NULL, '', '19-09-2023'),
(849, 80, 0, 54, '', 637, 'SOPORTES', 1.00, NULL, 4, NULL, 'UNIDAD', NULL, '', '19-09-2023'),
(851, 81, 0, 44, '', 608, 'SIN EQUIVALENCIA', 0.00, NULL, 44, NULL, 'MTS', NULL, '', '19-09-2023'),
(854, 81, 0, 44, '', 638, 'PREPINTADA', 0.00, NULL, 12, NULL, 'UNIDAD', NULL, '', '19-09-2023'),
(855, 81, 0, 44, '', 638, 'PREPINTADA', 0.00, NULL, 32, NULL, 'MTS', NULL, '', '19-09-2023'),
(856, 81, 0, 44, '', 608, 'GALVANIZADA', 0.00, NULL, 10, NULL, 'MTS', NULL, '', '19-09-2023'),
(863, 82, 0, 43, '', 638, 'PREPINTADA', 2.44, 185, 3, NULL, 'MTSL', NULL, '', '19-09-2023'),
(864, 82, 0, 43, '', 638, 'PREPINTADA', 2.44, 255, 3, NULL, 'MTSL', NULL, '', '19-09-2023'),
(865, 82, 0, 43, '', 638, 'PREPINTADA', 2.44, 230, 3, NULL, 'MTSL', NULL, '', '19-09-2023'),
(866, 82, 0, 43, '', 638, 'PREPINTADA', 2.44, 250, 3, NULL, 'MTSL', NULL, '', '19-09-2023'),
(867, 82, 0, 43, '', 608, 'GALVANIZADA', 2.44, 270, 19, NULL, 'MTSL', NULL, '', '19-09-2023'),
(872, 83, 0, 76, '', 639, 'SIN EQUIVALENCIA', 14.06, 0, 2, NULL, 'KG', NULL, '', '19-09-2023'),
(873, 84, 0, 66, '', 370, '140 X 60 X 2', 5.81, 0, 6, NULL, 'MTS', NULL, '', '19-09-2023'),
(874, 84, 0, 66, '', 370, '140 X 60 X 2', 5.79, 0, 12, NULL, 'MTS', NULL, '', '19-09-2023'),
(875, 84, 0, 66, '', 370, '140 X 60 X 2', 5.75, 0, 6, NULL, 'MTS', NULL, '', '19-09-2023'),
(876, 84, 0, 66, '', 614, 'SIN EQUIVALENCIA', 0.15, 0, 72, NULL, 'MTS', NULL, '', '19-09-2023'),
(877, 85, 0, 42, '', 376, '140 X 60 X 2', 10.62, 0, 16, NULL, 'MTS', NULL, '', '19-09-2023'),
(878, 85, 0, 42, '', 376, '140 X 60 X 2', 5.31, 0, 9, NULL, 'MTS', NULL, '', '19-09-2023'),
(879, 85, 0, 42, '', 376, '140 X 60 X 2', 11.93, 0, 32, NULL, 'MTS', NULL, '', '19-09-2023'),
(880, 85, 0, 42, '', 376, '140 X 60 X 2', 11.79, 0, 57, NULL, 'MTS', NULL, '', '19-09-2023'),
(881, 85, 0, 42, '', 376, '140 X 60 X 2', 11.89, 0, 12, NULL, 'MTS', NULL, '', '19-09-2023'),
(882, 85, 0, 42, '', 376, '140 X 60 X 2', 5.99, 0, 12, NULL, 'MTS', NULL, '', '19-09-2023'),
(883, 85, 0, 42, '', 376, '140 X 60 X 2', 9.28, 0, 6, NULL, 'MTS', NULL, '', '19-09-2023'),
(884, 85, 0, 42, '', 376, '140 X 60 X 2', 9.35, 0, 8, NULL, 'MTS', NULL, '', '19-09-2023'),
(885, 85, 0, 42, '', 377, '140 X 60 X 2', 11.94, 0, 44, NULL, 'MTS', NULL, '', '19-09-2023'),
(886, 85, 0, 42, '', 377, '140 X 60 X 2', 11.80, 0, 59, NULL, 'MTS', NULL, '', '19-09-2023'),
(887, 85, 0, 42, '', 640, 'SIN EQUIVALENCIA', 0.00, 0, 140, NULL, 'UNIDAD', NULL, '', '19-09-2023'),
(888, 85, 0, 42, '', 586, 'SIN EQUIVALENCIA', 0.00, 0, 550, NULL, 'UNIDAD', NULL, '', '19-09-2023'),
(889, 85, 0, 42, '', 380, 'PALOTES (140)', 12.76, 0, 4, NULL, 'MTS', NULL, '', '19-09-2023'),
(890, 86, 0, 54, '', 376, '100 X 50 X 2', 5.34, 0, 2, NULL, 'MTS', NULL, '', '19-09-2023'),
(891, 86, 0, 54, '', 376, '100 X 50 X 2', 4.85, 0, 2, NULL, 'MTS', NULL, '', '19-09-2023'),
(892, 86, 0, 54, '', 376, '100 X 50 X 2', 4.82, 0, 2, NULL, 'MTS', NULL, '', '19-09-2023'),
(893, 86, 0, 54, '', 376, '100 X 50 X 2', 4.65, 0, 2, NULL, 'MTS', NULL, '', '19-09-2023'),
(894, 86, 0, 54, '', 376, '100 X 50 X 2', 1.77, 0, 2, NULL, 'MTS', NULL, '', '19-09-2023'),
(895, 86, 0, 54, '', 376, '100 X 50 X 2', 3.04, 0, 2, NULL, 'MTS', NULL, '', '19-09-2023'),
(896, 86, 0, 54, '', 376, '100 X 50 X 2', 5.13, 0, 4, NULL, 'MTS', NULL, '', '19-09-2023'),
(897, 86, 0, 54, '', 376, '100 X 50 X 2', 4.05, 0, 2, NULL, 'MTS', NULL, '', '19-09-2023'),
(898, 87, 0, 44, '', 526, 'SIN EQUIVALENCIA', 0.00, 0, 24, NULL, 'UNIDAD', NULL, '', '20-09-2023'),
(899, 87, 0, 44, '', 550, 'SIN EQUIVALENCIA', 0.00, 0, 3, NULL, 'UNIDAD', NULL, '', '20-09-2023'),
(900, 88, 0, 62, '', 569, 'SIN EQUIVALENCIA', 0.00, 0, 2, NULL, 'UNIDAD', NULL, '', '20-09-2023'),
(901, 89, 0, 83, '', 392, 'CINCALUM', 4.50, 0, 5, NULL, 'MTS', NULL, '', '20-09-2023'),
(902, 89, 0, 83, '', 619, 'SIN EQUIVALENCIA', 0.00, 0, 120, NULL, 'UNIDAD', NULL, '', '20-09-2023'),
(903, 89, 0, 83, '', 608, 'GALVANIZADA', 2.44, 0, 14, NULL, 'MTS', NULL, '', '20-09-2023'),
(904, 89, 0, 83, '', 574, 'CANALETAS', 6.00, 0, 5, NULL, 'MTS', NULL, '', '20-09-2023'),
(905, 89, 0, 83, '', 641, 'SIN EQUIVALENCIA', 0.00, 0, 1, NULL, 'UNIDAD', NULL, '', '20-09-2023'),
(908, 90, 0, 54, '', 434, 'SIN EQUIVALENCIA', 0.00, 0, 8, NULL, 'UNIDAD', NULL, '', '20-09-2023'),
(909, 91, 0, 54, '', 643, 'SIN EQUIVALENCIA', 0.00, 0, 16, NULL, 'UNIDAD', NULL, '', '20-09-2023'),
(910, 92, 0, 45, '', 636, 'SIN EQUIVALENCIA', 0.00, 0, 10, NULL, 'UNIDAD', NULL, '', '20-09-2023'),
(911, 92, 0, 45, '', 644, 'SIN EQUIVALENCIA', 0.00, 0, 10, NULL, 'UNIDAD', NULL, '', '20-09-2023'),
(912, 92, 0, 45, '', 474, 'SIN EQUIVALENCIA', 0.00, 0, 2, NULL, 'UNIDAD', NULL, '', '20-09-2023'),
(913, 92, 0, 45, '', 645, 'SIN EQUIVALENCIA', 0.00, 0, 1, NULL, 'LTS', NULL, '', '20-09-2023'),
(914, 92, 0, 45, '', 646, 'SIN EQUIVALENCIA', 0.00, 0, 1, NULL, 'UNIDAD', NULL, '', '20-09-2023'),
(915, 93, 0, 66, '', 380, 'PALOTES (160)', 12.76, 0, 4, NULL, 'MTS', NULL, '', '20-09-2023'),
(916, 94, 0, 84, '', 647, 'SIN EQUIVALENCIA', 6.00, 0, 1, NULL, 'MTS', NULL, '', '20-09-2023'),
(917, 95, 0, 54, '', 619, 'SIN EQUIVALENCIA', 0.00, 0, 1180, NULL, 'UNIDAD', NULL, '', '20-09-2023'),
(918, 96, 0, 85, '', 379, 'MEDIDAS VARIAS', 162.28, 0, 7, NULL, 'KG', NULL, '', '20-09-2023'),
(919, 96, 0, 85, '', 648, 'SIN EQUIVALENCIA', 12.75, 0, 12, NULL, 'KG', NULL, '', '20-09-2023'),
(920, 96, 0, 85, '', 649, 'SIN EQUIVALENCIA', 12.11, 0, 9, NULL, 'KG', NULL, '', '20-09-2023'),
(921, 97, 0, 44, '', 536, 'SIN EQUIVALENCIA', 0.00, 0, 150, NULL, 'UNIDAD', NULL, '', '21-09-2023'),
(922, 97, 0, 44, '', 614, 'CANALETAS', 0.00, 0, 1, NULL, 'UNIDAD', NULL, '', '21-09-2023'),
(924, 98, 0, 86, '', 655, 'CHAPA PREPINTADA', 0.00, 0, 50, NULL, 'UNIDAD', NULL, '', '21-09-2023'),
(925, 98, 0, 86, '', 650, 'SIN EQUIVALENCIA', 0.00, 0, 12, NULL, 'UNIDAD', NULL, '', '21-09-2023'),
(926, 98, 0, 86, '', 651, 'SIN EQUIVALENCIA', 0.00, 0, 8, NULL, 'UNIDAD', NULL, '', '21-09-2023'),
(927, 98, 0, 86, '', 652, 'SIN EQUIVALENCIA', 0.00, 0, 6, NULL, 'UNIDAD', NULL, '', '21-09-2023'),
(928, 98, 0, 86, '', 653, 'SIN EQUIVALENCIA', 0.00, 0, 8, NULL, 'UNIDAD', NULL, '', '21-09-2023'),
(929, 98, 0, 86, '', 654, 'SIN EQUIVALENCIA', 0.00, 0, 1, NULL, 'UNIDAD', NULL, '', '21-09-2023'),
(930, 99, 0, 54, '', 620, 'SIN EQUIVALENCIA', 0.00, 0, 410, NULL, 'UNIDAD', NULL, '', '21-09-2023'),
(931, 99, 0, 54, '', 581, 'CHAPA CENEFA', 1.35, 0, 17, NULL, 'MTS', NULL, '', '21-09-2023'),
(932, 100, 0, 62, '', 569, 'SIN EQUIVALENCIA', 0.00, 0, 2, NULL, 'MTS', NULL, '', '21-09-2023'),
(933, 101, 0, 87, '', 656, 'SIN EQUIVALENCIA', 0.00, 0, 1, NULL, 'UNIDAD', NULL, '', '21-09-2023'),
(934, 101, 0, 87, '', 657, 'SIN EQUIVALENCIA', 0.00, 0, 1, NULL, 'UNIDAD', NULL, '', '21-09-2023'),
(936, 102, 0, 59, '', 593, 'SIN EQUIVALENCIA', 22.00, 0, 30, NULL, 'UNIDAD', NULL, '', '21-09-2023'),
(940, 103, 0, 45, '', 610, 'SIN EQUIVALENCIA', 0.00, 0, 20, NULL, 'UNIDAD', NULL, '', '21-09-2023'),
(941, 103, 0, 45, '', 658, 'SIN EQUIVALENCIA', 125.00, 0, 16, NULL, 'KG', NULL, '', '21-09-2023'),
(943, 103, 0, 45, '', 583, 'SIN EQUIVALENCIA', 80.00, 0, 2, NULL, 'KG', NULL, '', '21-09-2023'),
(947, 103, 0, 45, '', 380, 'PALOTE GUIA PORTON', 2.60, 0, 2, NULL, 'KG', NULL, '', '21-09-2023'),
(948, 103, 0, 45, '', 659, 'CHAPA ACANALADA', 5.17, 0, 56, NULL, 'MTS', NULL, '', '21-09-2023'),
(951, 103, 0, 45, '', 660, 'SIN EQUIVALENCIA', 0.00, 0, 40, NULL, 'UNIDAD', NULL, '', '21-09-2023'),
(952, 103, 0, 45, '', 601, 'SIN EQUIVALENCIA', 12.00, 0, 10, NULL, 'KG', NULL, '', '21-09-2023'),
(954, 104, 0, 44, '', 601, 'SIN EQUIVALENCIA', 12.17, 0, 23, NULL, 'KG', NULL, '', '21-09-2023'),
(955, 105, 0, 45, '', 661, 'SIN EQUIVALENCIA', 0.00, 0, 32, NULL, 'UNIDAD', NULL, '', '21-09-2023'),
(956, 105, 0, 45, '', 662, 'SIN EQUIVALENCIA', 0.00, 0, 4, NULL, 'UNIDAD', NULL, '', '21-09-2023'),
(964, 106, 0, 54, '', 591, 'ACANALADA', 1.70, 0, 27, NULL, 'MTS', NULL, '', '21-09-2023'),
(965, 107, 0, 43, '', 530, 'SIN EQUIVALENCIA', 325.00, 0, 17, NULL, 'KG', NULL, '', '21-09-2023'),
(966, 107, 0, 43, '', 372, 'SIN EQUIVALENCIA', 25.00, 0, 8, NULL, 'KG', NULL, '', '21-09-2023'),
(967, 108, 0, 53, '', 663, 'SIN EQUIVALENCIA', 0.00, 0, 200, NULL, 'UNIDAD', NULL, '', '22-09-2023'),
(971, 109, 0, 62, '', 592, 'ACANALADA', 0.60, 0, 102, NULL, 'MTS2', NULL, '', '22-09-2023'),
(975, 110, 0, 45, '', 570, 'GALVANIZADA', 3.10, 0, 12, NULL, 'MTS', NULL, '', '22-09-2023'),
(976, 111, 0, 54, '', 665, 'SIN EQUIVALENCIA', 0.00, 0, 5, NULL, 'UNIDAD', NULL, '', '22-09-2023'),
(977, 111, 0, 54, '', 536, 'SIN EQUIVALENCIA', 0.00, 0, 200, NULL, 'UNIDAD', NULL, '', '22-09-2023'),
(978, 111, 0, 54, '', 526, 'SIN EQUIVALENCIA', 0.00, 0, 3, NULL, 'UNIDAD', NULL, '', '22-09-2023'),
(980, 111, 0, 54, '', 614, 'GALVANIZADA', 0.00, 0, 1, NULL, 'UNIDAD', NULL, '', '22-09-2023'),
(981, 112, 0, 86, '', 444, 'SIN EQUIVALENCIA', 0.00, 0, 3, NULL, 'UNIDAD', NULL, '', '22-09-2023'),
(982, 112, 0, 86, '', 448, 'SIN EQUIVALENCIA', 0.00, 0, 10, NULL, 'UNIDAD', NULL, '', '22-09-2023'),
(983, 112, 0, 86, '', 449, 'SIN EQUIVALENCIA', 0.00, 0, 5, NULL, 'UNIDAD', NULL, '', '22-09-2023'),
(984, 113, 0, 42, '', 379, 'VIGA PRINCIPAL (H:500) X 165', 13.35, 0, 13, NULL, 'MTS', NULL, '', '22-09-2023'),
(985, 113, 0, 42, '', 377, '140 X 60 X 2', 11.79, 0, 73, NULL, 'MTS', NULL, '', '22-09-2023'),
(988, 113, 0, 42, '', 380, 'PALOTES (140)', 11.79, 0, 12, NULL, 'MTS', NULL, '', '22-09-2023'),
(989, 113, 0, 42, '', 380, 'PALOTES (140)', 11.94, 0, 4, NULL, 'MTS', NULL, '', '22-09-2023'),
(990, 113, 0, 42, '', 666, 'SIN EQUIVALENCIA', 883.00, 0, 1, NULL, 'KG', NULL, '', '22-09-2023'),
(992, 114, 0, 88, '', 531, 'SIN EQUIVALENCIA', 2.44, 0, 12, NULL, 'MTS', NULL, '', '22-09-2023'),
(993, 114, 0, 88, '', 531, 'SIN EQUIVALENCIA', 0.50, 0, 7, NULL, 'MTS', NULL, '', '22-09-2023'),
(994, 115, 0, 45, '', 478, 'SIN EQUIVALENCIA', 0.00, 0, 1, NULL, 'UNIDAD', NULL, '', '22-09-2023'),
(995, 115, 0, 45, '', 461, 'SIN EQUIVALENCIA', 0.00, 0, 50, NULL, 'UNIDAD', NULL, '', '22-09-2023'),
(996, 115, 0, 45, '', 462, 'SIN EQUIVALENCIA', 0.00, 0, 50, NULL, 'UNIDAD', NULL, '', '22-09-2023'),
(999, 116, 0, 42, '', 588, 'ARMADOS COMPLETOS', 0.00, 0, 306, NULL, 'UNIDAD', NULL, '', '22-09-2023'),
(1000, 116, 0, 42, '', 586, 'ARMADOS COMPLETOS', 0.00, 0, 748, NULL, 'UNIDAD', NULL, '', '22-09-2023'),
(1001, 117, 0, 89, '', 380, 'PALOTES GALVANIZADO (120)', 6.00, 0, 2, NULL, 'MTS', NULL, '', '22-09-2023'),
(1002, 117, 0, 89, '', 380, 'PALOTES GALVANIZADO (120)', 5.00, 0, 2, NULL, 'MTS', NULL, '', '22-09-2023'),
(1003, 117, 0, 89, '', 589, '100 X 50 X 2', 5.00, 0, 1, NULL, 'MTS', NULL, '', '22-09-2023'),
(1004, 118, 0, 62, '', 569, 'SIN EQUIVALENCIA', 0.00, 0, 2, NULL, 'UNIDAD', NULL, '', '25-09-2023'),
(1005, 119, 0, 62, '', 592, 'CHAPA ACANALADA', 0.60, 0, 102, NULL, 'MTS', NULL, '', '25-09-2023'),
(1014, 120, 0, 45, '', 593, 'SIN EQUIVALENCIA', 47.00, 0, 4, NULL, 'KG', NULL, '', '25-09-2023'),
(1015, 120, 0, 45, '', 667, 'SIN EQUIVALENCIA', 9.00, 0, 23, NULL, 'KG', NULL, '', '25-09-2023'),
(1016, 121, 0, 45, '', 653, 'SIN EQUIVALENCIA', 0.00, 0, 20, NULL, 'UNIDAD', NULL, '', '25-09-2023'),
(1017, 122, 0, 91, '', 664, 'CINCALUM', 7.00, 0, 11, NULL, 'MTS', NULL, '', '25-09-2023'),
(1018, 123, 0, 54, '', 529, 'PREPINTADA', 0.24, 0, 8, NULL, 'MTS', NULL, '', '25-09-2023'),
(1019, 123, 0, 54, '', 668, 'GALVANIZADA', 0.25, 0, 5, NULL, 'MTS', NULL, '', '25-09-2023'),
(1020, 124, 0, 92, '', 669, 'SIN EQUIVALENCIA', 0.00, 0, 12, NULL, 'UNIDAD', NULL, '', '25-09-2023'),
(1021, 124, 0, 92, '', 670, 'SIN EQUIVALENCIA', 0.00, 0, 12, NULL, 'UNIDAD', NULL, '', '25-09-2023'),
(1022, 125, 0, 46, '', 671, 'PREPINTADA', 0.40, 0, 5, NULL, 'MTS', NULL, '', '25-09-2023'),
(1023, 125, 0, 46, '', 672, 'SIN EQUIVALENCIA', 0.00, 0, 12, NULL, 'UNIDAD', NULL, '', '25-09-2023'),
(1024, 126, 0, 44, '', 667, 'SIN EQUIVALENCIA', 9.00, 0, 28, NULL, 'KG', NULL, '', '25-09-2023'),
(1025, 127, 0, 86, '', 673, 'SIN EQUIVALENCIA', 0.00, 0, 2, NULL, 'UNIDAD', NULL, '', '25-09-2023'),
(1026, 127, 0, 86, '', 447, 'PREPINTADA', 0.60, 0, 4, NULL, 'MTS', NULL, '', '25-09-2023'),
(1028, 128, 0, 58, '', 674, 'PLEGADOS', 270.00, 0, 1, NULL, 'KG', NULL, '', '25-09-2023'),
(1031, 129, 0, 93, '', 589, 'SIN EQUIVALENCIA', 3668.00, 0, 1, NULL, 'KG', NULL, '', '25-09-2023'),
(1032, 129, 0, 93, '', 370, 'SIN EQUIVALENCIA', 5728.00, 0, 1, NULL, 'KG', NULL, '', '25-09-2023'),
(1034, 130, 0, 95, '', 676, 'SIN EQUIVALENCIA', 7000.00, 0, 1, NULL, 'KG', NULL, '', '28-09-2023'),
(1035, 131, 0, 81, '', 677, 'SIN EQUIVALENCIA', 0.00, 0, 20, NULL, 'UNIDAD', NULL, '', '26-09-2023'),
(1037, 132, 0, 45, '', 465, 'SIN EQUIVALENCIA', 0.00, 0, 7, NULL, 'PAQUETE', NULL, '', '26-09-2023'),
(1038, 132, 0, 45, '', 463, 'SIN EQUIVALENCIA', 0.00, 0, 13, NULL, 'PAQUETE', NULL, '', '26-09-2023'),
(1039, 132, 0, 45, '', 464, 'SIN EQUIVALENCIA', 0.00, 0, 17, NULL, 'PAQUETE', NULL, '', '26-09-2023'),
(1040, 132, 0, 45, '', 455, 'SIN EQUIVALENCIA', 0.00, 0, 2000, NULL, 'UNIDAD', NULL, '', '26-09-2023'),
(1041, 132, 0, 45, '', 553, 'SIN EQUIVALENCIA', 0.00, 0, 16, NULL, 'UNIDAD', NULL, '', '26-09-2023'),
(1042, 133, 0, 42, '', 575, 'SIN EQUIVALENCIA', 9.49, 0, 88, NULL, 'KG', NULL, '', '26-09-2023'),
(1043, 133, 0, 42, '', 595, 'CABREADAS', 13.35, 0, 6, NULL, 'MTS', NULL, '', '26-09-2023'),
(1047, 134, 0, 96, '', 680, 'ESTRUCTURA DE 50 X 30 X 1.6', 0.00, 0, 1, NULL, 'UNIDAD', NULL, '', '26-09-2023'),
(1048, 134, 0, 96, '', 678, 'ESTRUCTURA DE 50 X 30 X 1.6', 0.00, 0, 2, NULL, 'UNIDAD', NULL, '', '26-09-2023'),
(1049, 134, 0, 96, '', 679, 'ESTRUCTURA DE 50 X 30 X 1.6', 0.00, 0, 1, NULL, 'UNIDAD', NULL, '', '26-09-2023'),
(1056, 135, 0, 44, '', 682, 'SIN EQUIVALENCIA', 7.92, 0, 48, NULL, 'KG', NULL, '', '27-09-2023'),
(1057, 135, 0, 44, '', 681, 'SIN EQUIVALENCIA', 9.72, 0, 72, NULL, 'KG', NULL, '', '27-09-2023'),
(1058, 136, 0, 62, '', 673, 'SIN EQUIVALENCIA', 0.00, 0, 1, NULL, 'UNIDAD', NULL, '', '27-09-2023'),
(1059, 136, 0, 62, '', 526, 'SIN EQUIVALENCIA', 0.00, 0, 5, NULL, 'UNIDAD', NULL, '', '27-09-2023'),
(1060, 137, 0, 45, '', 457, 'SIN EQUIVALENCIA', 0.00, 0, 1500, NULL, 'UNIDAD', NULL, '', '27-09-2023'),
(1061, 138, 0, 56, '', 449, 'SIN EQUIVALENCIA', 0.00, 0, 26, NULL, 'UNIDAD', NULL, '', '27-09-2023'),
(1062, 138, 0, 56, '', 683, 'SIN EQUIVALENCIA', 0.00, 0, 2, NULL, 'UNIDAD', NULL, '', '27-09-2023'),
(1063, 138, 0, 56, '', 684, 'SIN EQUIVALENCIA', 5.00, 0, 1, NULL, 'MTS', NULL, '', '27-09-2023'),
(1064, 139, 0, 84, '', 686, 'SIN EQUIVALENCIA', 0.20, NULL, 20, NULL, 'KG', NULL, '', '28-09-2023'),
(1065, 139, 0, 84, '', 653, 'SIN EQUIVALENCIA', 0.30, NULL, 3, NULL, 'KG', NULL, '', '28-09-2023'),
(1066, 140, 0, 62, '', 454, 'SIN EQUIVALENCIA', 0.00, NULL, 2, NULL, 'UNIDAD', NULL, '', '28-09-2023'),
(1067, 140, 0, 62, '', 550, 'SIN EQUIVALENCIA', 0.00, NULL, 2, NULL, 'UNIDAD', NULL, '', '28-09-2023'),
(1070, 141, 0, 45, '', 687, 'SIN EQUIVALENCIA', 0.00, NULL, 120, NULL, 'UNIDAD', NULL, '', '28-09-2023'),
(1078, 142, 0, 98, '', 589, '120 X 50 X 2', 8.20, NULL, 10, NULL, 'MTS', NULL, '', '28-09-2023'),
(1079, 142, 0, 98, '', 589, '120 X 50 X 2', 10.00, NULL, 2, NULL, 'MTS', NULL, '', '28-09-2023'),
(1080, 142, 0, 98, '', 589, '120 X 50 X 2', 12.00, NULL, 1, NULL, 'MTS', NULL, '', '28-09-2023'),
(1081, 142, 0, 98, '', 589, '120 X 50 X 2', 2.70, NULL, 4, NULL, 'MTS', NULL, '', '28-09-2023'),
(1082, 142, 0, 98, '', 435, '100 X 50 X 2', 8.00, NULL, 5, NULL, 'MTS', NULL, '', '28-09-2023'),
(1083, 142, 0, 98, '', 435, '100 X 50 X 2', 8.20, NULL, 3, NULL, 'MTS', NULL, '', '28-09-2023'),
(1084, 143, 0, 62, '', 455, 'SIN EQUIVALENCIA', 0.00, NULL, 200, NULL, 'UNIDAD', NULL, '', '29-09-2023'),
(1085, 143, 0, 62, '', 551, 'SIN EQUIVALENCIA', 0.00, NULL, 2, NULL, 'UNIDAD', NULL, '', '29-09-2023'),
(1086, 144, 0, 62, '', 608, 'SIN EQUIVALENCIA', 3.20, NULL, 15, NULL, 'KG', NULL, '', '29-09-2023'),
(1089, 145, 0, 65, '', 530, 'SIN EQUIVALENCIA', 515.00, NULL, 13, NULL, 'KG', NULL, '', '29-09-2023'),
(1090, 145, 0, 65, '', 530, 'SIN EQUIVALENCIA', 531.00, NULL, 2, NULL, 'KG', NULL, '', '29-09-2023'),
(1091, 146, 0, 45, '', 636, 'SIN EQUIVALENCIA', 0.00, NULL, 10, NULL, 'UNIDAD', NULL, '', '29-09-2023'),
(1092, 146, 0, 45, '', 688, 'SIN EQUIVALENCIA', 1.00, NULL, 5, NULL, 'LTS', NULL, '', '29-09-2023'),
(1093, 146, 0, 45, '', 689, 'SIN EQUIVALENCIA', 0.00, NULL, 2, NULL, 'UNIDAD', NULL, '', '29-09-2023'),
(1094, 146, 0, 45, '', 455, 'SIN EQUIVALENCIA', 0.00, NULL, 500, NULL, 'UNIDAD', NULL, '', '29-09-2023'),
(1095, 147, 0, 45, '', 690, 'SIN EQUIVALENCIA', 0.00, NULL, 1, NULL, 'UNIDAD', NULL, '', '29-09-2023'),
(1096, 148, 0, 44, '', 653, 'SIN EQUIVALENCIA', 0.00, NULL, 20, NULL, 'UNIDAD', NULL, '', '29-09-2023'),
(1099, 149, 0, 76, '', 607, 'P/ PLEGAR', 29.38, NULL, 21, NULL, 'KG', NULL, '', '29-09-2023'),
(1102, 150, 0, 93, '', 370, '140 X 60 X 2', 12.00, NULL, 360, NULL, 'MTS', NULL, '', '29-09-2023'),
(1103, 151, 0, 54, '', 581, 'TRAPEZOIDAL', 3.80, NULL, 11, NULL, 'MTS', NULL, '', '02-10-2023'),
(1104, 151, 0, 54, '', 664, 'GALVANIZADA', 3.80, NULL, 3, NULL, 'MTS', NULL, '', '02-10-2023'),
(1105, 151, 0, 54, '', 619, 'SIN EQUIVALENCIA', 0.00, NULL, 300, NULL, 'UNIDAD', NULL, '', '02-10-2023'),
(1106, 151, 0, 54, '', 620, 'SIN EQUIVALENCIA', 0.00, NULL, 200, NULL, 'UNIDAD', NULL, '', '02-10-2023'),
(1107, 151, 0, 54, '', 529, 'PREPINTADA', 0.24, NULL, 8, NULL, 'MTS', NULL, '', '02-10-2023'),
(1108, 151, 0, 54, '', 532, 'GALVANIZADA', 0.06, NULL, 8, NULL, 'MTS', NULL, '', '02-10-2023'),
(1109, 151, 0, 54, '', 529, 'PLEGADOS', 0.44, NULL, 1, NULL, 'MTS', NULL, '', '02-10-2023'),
(1110, 151, 0, 54, '', 529, 'PLEGADOS', 0.35, NULL, 12, NULL, 'MTS', NULL, '', '02-10-2023'),
(1111, 151, 0, 54, '', 434, 'SIN EQUIVALENCIA', 0.00, NULL, 1, NULL, 'UNIDAD', NULL, '', '02-10-2023'),
(1112, 151, 0, 54, '', 691, 'SIN EQUIVALENCIA', 0.00, NULL, 1, NULL, 'UNIDAD', NULL, '', '02-10-2023'),
(1113, 152, 0, 93, '', 692, 'CAÑO 80 X 30 X 1,6 X 6mts', 6.00, NULL, 49, NULL, 'MTS', NULL, '', '02-10-2023'),
(1115, 153, 0, 42, '', 560, '148 X 4.8 X 148 X 4.8', 5.81, NULL, 8, NULL, 'MTS', NULL, '', '02-10-2023'),
(1116, 153, 0, 42, '', 559, '500 X 4.8 X 165 X 6.4', 13.35, NULL, 14, NULL, 'MTS', NULL, '', '02-10-2023'),
(1117, 154, 0, 54, '', 673, 'SIN EQUIVALENCIA', 0.00, NULL, 1, NULL, 'UNIDAD', NULL, '', '02-10-2023'),
(1118, 155, 0, 45, '', 673, 'SIN EQUIVALENCIA', 0.00, NULL, 1, NULL, 'UNIDAD', NULL, '', '02-10-2023'),
(1119, 155, 0, 45, '', 620, 'SIN EQUIVALENCIA', 0.00, NULL, 500, NULL, 'UNIDAD', NULL, '', '02-10-2023'),
(1120, 156, 0, 66, '', 766, 'SIN EQUIVALENCIA', 0.00, NULL, 6, NULL, 'UNIDAD', NULL, '', '03-10-2023'),
(1121, 157, 0, 45, '', 767, 'SIN EQUIVALENCIA', 0.00, NULL, 60, NULL, 'UNIDAD', NULL, '', '03-10-2023'),
(1122, 158, 0, 45, '', 768, 'SIN EQUIVALENCIA', 0.00, NULL, 2, NULL, 'KG', NULL, '', '03-10-2023'),
(1123, 158, 0, 45, '', 615, 'SIN EQUIVALENCIA', 0.00, NULL, 2, NULL, 'KG', NULL, '', '03-10-2023'),
(1124, 158, 0, 45, '', 549, 'SIN EQUIVALENCIA', 0.00, NULL, 5, NULL, 'UNIDAD', NULL, '', '03-10-2023'),
(1125, 158, 0, 45, '', 476, 'SIN EQUIVALENCIA', 0.00, NULL, 1, NULL, 'UNIDAD', NULL, '', '03-10-2023'),
(1126, 158, 0, 45, '', 673, 'SIN EQUIVALENCIA', 0.00, NULL, 2, NULL, 'UNIDAD', NULL, '', '03-10-2023'),
(1127, 159, 0, 45, '', 456, 'SIN EQUIVALENCIA', 0.00, NULL, 5000, NULL, 'UNIDAD', NULL, '', '03-10-2023'),
(1128, 159, 0, 45, '', 457, 'SIN EQUIVALENCIA', 0.00, NULL, 5000, NULL, 'UNIDAD', NULL, '', '03-10-2023'),
(1129, 159, 0, 45, '', 769, 'SIN EQUIVALENCIA', 272.00, NULL, 1, NULL, 'KG', NULL, '', '03-10-2023'),
(1130, 159, 0, 45, '', 684, 'SIN EQUIVALENCIA', 0.00, NULL, 1, NULL, 'UNIDAD', NULL, '', '03-10-2023'),
(1131, 159, 0, 45, '', 466, 'SIN EQUIVALENCIA', 0.00, NULL, 6, NULL, 'PAQUETE', NULL, '', '03-10-2023'),
(1132, 159, 0, 45, '', 464, 'SIN EQUIVALENCIA', 0.00, NULL, 15, NULL, 'PAQUETE', NULL, '', '03-10-2023'),
(1134, 160, 0, 54, '', 770, 'BASE DE TANQUE', 157.00, NULL, 1, NULL, 'KG', NULL, '', '03-10-2023'),
(1136, 160, 0, 54, '', 664, 'GALVANIZADA', 3.00, NULL, 2, NULL, 'MTS', NULL, '', '03-10-2023'),
(1138, 160, 0, 54, '', 664, 'GALVANIZADA', 4.00, NULL, 1, NULL, 'MTS', NULL, '', '03-10-2023'),
(1139, 161, 0, 62, '', 608, 'SIN EQUIVALENCIA', 89.00, NULL, 1, NULL, 'KG', NULL, '', '03-10-2023'),
(1140, 162, 0, 38, '', 775, 'SIN EQUIVALENCIA', 0.00, NULL, 3, NULL, 'UNIDAD', NULL, '', '03-10-2023'),
(1141, 162, 0, 38, '', 776, 'SIN EQUIVALENCIA', 0.00, NULL, 3, NULL, 'UNIDAD', NULL, '', '03-10-2023'),
(1142, 162, 0, 38, '', 777, 'SIN EQUIVALENCIA', 0.00, NULL, 3, NULL, 'UNIDAD', NULL, '', '03-10-2023'),
(1143, 162, 0, 38, '', 778, 'SIN EQUIVALENCIA', 0.00, NULL, 6, NULL, 'UNIDAD', NULL, '', '03-10-2023'),
(1144, 162, 0, 38, '', 779, 'SIN EQUIVALENCIA', 0.00, NULL, 6, NULL, 'UNIDAD', NULL, '', '03-10-2023'),
(1145, 162, 0, 38, '', 780, 'SIN EQUIVALENCIA', 0.00, NULL, 12, NULL, 'UNIDAD', NULL, '', '03-10-2023'),
(1146, 163, 0, 93, '', 589, 'SIN EQUIVALENCIA', 10110.00, NULL, 1, NULL, 'KG', NULL, '', '03-10-2023'),
(1147, 164, 0, 84, '', 781, 'SIN EQUIVALENCIA', 129.00, NULL, 1, NULL, 'KG', NULL, '', '03-10-2023'),
(1148, 165, 0, 59, '', 374, '400 X 3.2 X 166 X 6.4', 8.00, NULL, 8, NULL, 'MTS', NULL, '', '03-10-2023'),
(1151, 166, 0, 100, '', 682, 'SIN EQUIVALENCIA', 0.00, NULL, 30, NULL, 'UNIDAD', NULL, '', '03-10-2023'),
(1152, 166, 0, 100, '', 681, 'SIN EQUIVALENCIA', 0.00, NULL, 105, NULL, 'UNIDAD', NULL, '', '03-10-2023'),
(1153, 166, 0, 100, '', 456, 'SIN EQUIVALENCIA', 0.00, NULL, 5000, NULL, 'UNIDAD', NULL, '', '03-10-2023'),
(1154, 166, 0, 100, '', 455, 'SIN EQUIVALENCIA', 0.00, NULL, 4000, NULL, 'UNIDAD', NULL, '', '03-10-2023'),
(1155, 166, 0, 100, '', 457, 'SIN EQUIVALENCIA', 0.00, NULL, 3000, NULL, 'UNIDAD', NULL, '', '03-10-2023'),
(1156, 166, 0, 100, '', 461, 'SIN EQUIVALENCIA', 0.00, NULL, 400, NULL, 'UNIDAD', NULL, '', '03-10-2023'),
(1157, 166, 0, 100, '', 462, 'SIN EQUIVALENCIA', 0.00, NULL, 400, NULL, 'UNIDAD', NULL, '', '03-10-2023'),
(1158, 166, 0, 100, '', 782, 'SIN EQUIVALENCIA', 0.00, NULL, 6, NULL, 'UNIDAD', NULL, '', '03-10-2023'),
(1159, 166, 0, 100, '', 785, 'SIN EQUIVALENCIA', 0.00, NULL, 10, NULL, 'UNIDAD', NULL, '', '03-10-2023'),
(1160, 166, 0, 100, '', 467, 'SIN EQUIVALENCIA', 0.00, NULL, 5, NULL, 'UNIDAD', NULL, '', '03-10-2023'),
(1161, 166, 0, 100, '', 468, 'SIN EQUIVALENCIA', 0.00, NULL, 2, NULL, 'UNIDAD', NULL, '', '03-10-2023'),
(1162, 166, 0, 100, '', 783, 'SIN EQUIVALENCIA', 0.00, NULL, 30, NULL, 'UNIDAD', NULL, '', '03-10-2023'),
(1163, 166, 0, 100, '', 478, 'SIN EQUIVALENCIA', 0.00, NULL, 1, NULL, 'UNIDAD', NULL, '', '03-10-2023'),
(1164, 166, 0, 100, '', 784, 'SIN EQUIVALENCIA', 0.00, NULL, 2, NULL, 'UNIDAD', NULL, '', '03-10-2023'),
(1165, 166, 0, 100, '', 460, 'SIN EQUIVALENCIA', 0.00, NULL, 10, NULL, 'UNIDAD', NULL, '', '03-10-2023'),
(1166, 166, 0, 100, '', 465, 'SIN EQUIVALENCIA', 0.00, NULL, 75, NULL, 'UNIDAD', NULL, '', '03-10-2023'),
(1167, 166, 0, 100, '', 459, 'SIN EQUIVALENCIA', 0.00, NULL, 4, NULL, 'UNIDAD', NULL, '', '03-10-2023'),
(1168, 166, 0, 100, '', 553, 'SIN EQUIVALENCIA', 0.00, NULL, 120, NULL, 'UNIDAD', NULL, '', '03-10-2023'),
(1169, 166, 0, 100, '', 444, 'SIN EQUIVALENCIA', 0.00, NULL, 4, NULL, 'UNIDAD', NULL, '', '03-10-2023'),
(1170, 166, 0, 100, '', 474, 'SIN EQUIVALENCIA', 0.00, NULL, 2, NULL, 'UNIDAD', NULL, '', '03-10-2023'),
(1171, 167, 0, 59, '', 557, 'SIN EQUIVALENCIA', 330.00, NULL, 6, NULL, 'KG', NULL, '', '03-10-2023'),
(1172, 167, 0, 59, '', 379, 'SIN EQUIVALENCIA', 251.00, NULL, 18, NULL, 'KG', NULL, '', '03-10-2023'),
(1174, 168, 0, 98, '', 768, 'SIN EQUIVALENCIA', 1.00, NULL, 3, NULL, 'KG', NULL, '', '04-10-2023'),
(1175, 168, 0, 98, '', 615, 'SIN EQUIVALENCIA', 0.00, NULL, 3, NULL, 'UNIDAD', NULL, '', '04-10-2023'),
(1176, 169, 0, 98, '', 786, 'SIN EQUIVALENCIA', 0.00, NULL, 1, NULL, 'UNIDAD', NULL, '', '04-10-2023'),
(1177, 170, 0, 62, '', 644, 'SIN EQUIVALENCIA', 0.00, NULL, 6, NULL, 'UNIDAD', NULL, '', '04-10-2023'),
(1178, 171, 0, 59, '', 374, '400 X 3.2 X 166 X 6.4', 8.00, NULL, 11, NULL, 'MTS', NULL, '', '04-10-2023'),
(1180, 171, 0, 59, '', 557, '500 X 6,4 X 185 X 6.4', 8.00, NULL, 6, NULL, 'MTS', NULL, '', '04-10-2023'),
(1181, 171, 0, 59, '', 374, 'VARIABLE', 250.00, NULL, 9, NULL, 'KG', NULL, '', '04-10-2023'),
(1182, 172, 0, 54, '', 665, 'SIN EQUIVALENCIA', 0.00, NULL, 1, NULL, 'UNIDAD', NULL, '', '04-10-2023'),
(1184, 172, 0, 54, '', 529, 'PREPINTADA', 0.34, NULL, 1, NULL, 'MTS', NULL, '', '04-10-2023'),
(1185, 172, 0, 54, '', 435, '100 X 50 X 2', 2.50, NULL, 2, NULL, 'MTS', NULL, '', '04-10-2023'),
(1186, 173, 0, 45, '', 791, 'SIN EQUIVALENCIA', 0.00, NULL, 1, NULL, 'UNIDAD', NULL, '', '04-10-2023'),
(1187, 173, 0, 45, '', 788, 'SIN EQUIVALENCIA', 0.00, NULL, 50, NULL, 'UNIDAD', NULL, '', '04-10-2023'),
(1188, 173, 0, 45, '', 789, 'SIN EQUIVALENCIA', 0.00, NULL, 60, NULL, 'UNIDAD', NULL, '', '04-10-2023'),
(1189, 173, 0, 45, '', 790, 'SIN EQUIVALENCIA', 0.00, NULL, 38, NULL, 'UNIDAD', NULL, '', '04-10-2023'),
(1191, 174, 0, 42, '', 567, 'CHAPA PREPINTADA', 10.60, NULL, 175, NULL, 'MTS', NULL, '', '04-10-2023'),
(1193, 174, 0, 42, '', 567, 'CHAPA PREPINTADA', 5.40, NULL, 18, NULL, 'MTS', NULL, '', '04-10-2023'),
(1194, 175, 0, 66, '', 664, 'GALVANIZADA', 12.40, NULL, 148, NULL, 'MTS', NULL, '', '04-10-2023'),
(1196, 175, 0, 66, '', 664, 'PLASTICA 600 MICRONES', 12.00, NULL, 8, NULL, 'MTS', NULL, '', '04-10-2023'),
(1198, 176, 0, 101, '', 464, 'SIN EQUIVALENCIA', 0.00, NULL, 1, NULL, 'PAQUETE', NULL, '', '04-10-2023'),
(1199, 176, 0, 101, '', 466, 'SIN EQUIVALENCIA', 0.00, NULL, 1, NULL, 'PAQUETE', NULL, '', '04-10-2023'),
(1200, 176, 0, 101, '', 460, 'SIN EQUIVALENCIA', 0.00, NULL, 3, NULL, 'UNIDAD', NULL, '', '04-10-2023'),
(1201, 176, 0, 101, '', 461, 'SIN EQUIVALENCIA', 0.00, NULL, 50, NULL, 'UNIDAD', NULL, '', '04-10-2023'),
(1202, 176, 0, 101, '', 462, 'SIN EQUIVALENCIA', 0.00, NULL, 50, NULL, 'UNIDAD', NULL, '', '04-10-2023'),
(1203, 176, 0, 101, '', 457, 'SIN EQUIVALENCIA', 0.00, NULL, 500, NULL, 'UNIDAD', NULL, '', '04-10-2023'),
(1204, 176, 0, 101, '', 626, 'SIN EQUIVALENCIA', 0.00, NULL, 500, NULL, 'UNIDAD', NULL, '', '04-10-2023'),
(1205, 176, 0, 101, '', 467, 'SIN EQUIVALENCIA', 0.00, NULL, 1, NULL, 'UNIDAD', NULL, '', '04-10-2023'),
(1206, 176, 0, 101, '', 792, 'SIN EQUIVALENCIA', 0.00, NULL, 1, NULL, 'UNIDAD', NULL, '', '04-10-2023');
INSERT INTO `remitosclientes` (`id`, `numero`, `id_obra`, `id_cliente`, `descripcion`, `producto`, `seccion`, `metros`, `desarrollo`, `cantidad`, `peso`, `unidad`, `pesototal`, `id_categoria`, `fecha`) VALUES
(1207, 176, 0, 101, '', 553, 'SIN EQUIVALENCIA', 0.00, NULL, 6, NULL, 'UNIDAD', NULL, '', '04-10-2023'),
(1208, 177, 0, 45, '', 681, '100 X 40 X 0.7', 6.15, NULL, 44, NULL, 'MTS', NULL, '', '04-10-2023'),
(1209, 177, 0, 45, '', 553, 'SIN EQUIVALENCIA', 0.00, NULL, 60, NULL, 'UNIDAD', NULL, '', '04-10-2023'),
(1210, 178, 0, 53, '', 463, 'SIN EQUIVALENCIA', 0.00, NULL, 10, NULL, 'PAQUETE', NULL, '', '04-10-2023'),
(1211, 178, 0, 53, '', 465, 'SIN EQUIVALENCIA', 0.00, NULL, 5, NULL, 'PAQUETE', NULL, '', '04-10-2023'),
(1212, 178, 0, 53, '', 553, 'SIN EQUIVALENCIA', 0.00, NULL, 60, NULL, 'UNIDAD', NULL, '', '04-10-2023'),
(1213, 178, 0, 53, '', 455, 'SIN EQUIVALENCIA', 0.00, NULL, 1500, NULL, 'UNIDAD', NULL, '', '04-10-2023'),
(1214, 178, 0, 53, '', 457, 'SIN EQUIVALENCIA', 0.00, NULL, 1500, NULL, 'UNIDAD', NULL, '', '04-10-2023'),
(1215, 175, 0, 66, '', 574, 'CANALETAS', 13.00, NULL, 11, NULL, 'MTS', NULL, '', '04-10-2023'),
(1216, 175, 0, 66, '', 574, 'CANALETAS', 14.00, NULL, 1, NULL, 'MTS', NULL, '', '04-10-2023');

-- --------------------------------------------------------

--
-- Estructura de tabla para la tabla `remitosclientestmp`
--

CREATE TABLE `remitosclientestmp` (
  `id` int(11) NOT NULL,
  `numero` int(11) NOT NULL,
  `id_obra` int(10) NOT NULL,
  `id_cliente` int(11) NOT NULL,
  `descripcion` varchar(100) NOT NULL,
  `producto` int(10) NOT NULL,
  `seccion` varchar(150) NOT NULL,
  `metros` decimal(10,2) DEFAULT NULL,
  `desarrollo` int(11) DEFAULT NULL,
  `cantidad` int(10) DEFAULT NULL,
  `peso` decimal(10,2) DEFAULT NULL,
  `unidad` varchar(20) DEFAULT NULL,
  `pesototal` decimal(10,2) DEFAULT NULL,
  `id_categoria` varchar(20) NOT NULL,
  `fecha` varchar(15) NOT NULL
) ENGINE=InnoDB DEFAULT CHARSET=utf8 COLLATE=utf8_spanish2_ci;

-- --------------------------------------------------------

--
-- Estructura de tabla para la tabla `remitosobra`
--

CREATE TABLE `remitosobra` (
  `id` int(11) NOT NULL,
  `id_obra` int(10) NOT NULL,
  `producto` int(10) NOT NULL,
  `id_seccion` int(10) NOT NULL,
  `metros` decimal(10,2) DEFAULT NULL,
  `cantidad` int(10) DEFAULT NULL,
  `peso` decimal(10,2) DEFAULT NULL,
  `unidad` varchar(20) DEFAULT NULL,
  `pesototal` decimal(10,2) DEFAULT NULL,
  `fecha` timestamp NOT NULL DEFAULT current_timestamp() ON UPDATE current_timestamp(),
  `id_categoria` int(10) NOT NULL
) ENGINE=InnoDB DEFAULT CHARSET=utf8 COLLATE=utf8_spanish2_ci;

-- --------------------------------------------------------

--
-- Estructura de tabla para la tabla `remitostmp`
--

CREATE TABLE `remitostmp` (
  `id` int(11) NOT NULL,
  `id_obra` int(10) NOT NULL,
  `id_cliente` int(11) NOT NULL,
  `descripcion` varchar(100) NOT NULL,
  `producto` int(10) NOT NULL,
  `seccion` varchar(150) NOT NULL,
  `metros` decimal(10,2) DEFAULT NULL,
  `cantidad` int(10) DEFAULT NULL,
  `peso` decimal(10,2) DEFAULT NULL,
  `unidad` varchar(20) DEFAULT NULL,
  `pesototal` decimal(10,2) DEFAULT NULL,
  `id_categoria` varchar(20) NOT NULL
) ENGINE=InnoDB DEFAULT CHARSET=utf8 COLLATE=utf8_spanish2_ci;

-- --------------------------------------------------------

--
-- Estructura de tabla para la tabla `rol`
--

CREATE TABLE `rol` (
  `id` int(11) NOT NULL,
  `descripcion` varchar(50) NOT NULL
) ENGINE=InnoDB DEFAULT CHARSET=utf8 COLLATE=utf8_spanish2_ci;

--
-- Volcado de datos para la tabla `rol`
--

INSERT INTO `rol` (`id`, `descripcion`) VALUES
(1, 'ADMINISTRADOR'),
(2, 'INGENIERO'),
(3, 'OPERADOR');

-- --------------------------------------------------------

--
-- Estructura de tabla para la tabla `seccion`
--

CREATE TABLE `seccion` (
  `id` int(10) NOT NULL,
  `id_producto` int(10) NOT NULL,
  `seccion` varchar(100) NOT NULL
) ENGINE=InnoDB DEFAULT CHARSET=utf8mb4 COLLATE=utf8mb4_general_ci;

--
-- Volcado de datos para la tabla `seccion`
--

INSERT INTO `seccion` (`id`, `id_producto`, `seccion`) VALUES
(9, 365, '250 X 4.8 X 150 X 6.4'),
(10, 365, '300 X 4.8 X 150 X 6.4'),
(11, 365, '500 X 4.8 X 150 X 6.4'),
(12, 367, '80 X 50 X 2'),
(13, 368, '100 X 50 X 1.6'),
(14, 369, '120 X 50 X 2'),
(15, 370, '140 X 60 X 2'),
(16, 371, '160 X 60 X 2'),
(18, 372, '500 X 4.8 X 200 X 6.4'),
(19, 373, 'VARIABLE');

-- --------------------------------------------------------

--
-- Estructura de tabla para la tabla `users`
--

CREATE TABLE `users` (
  `id` int(11) NOT NULL,
  `usuario` varchar(50) NOT NULL,
  `nombre_completo` varchar(100) NOT NULL,
  `correo` varchar(50) NOT NULL,
  `telefono` varchar(50) NOT NULL,
  `password` varchar(300) NOT NULL,
  `fecha` timestamp NOT NULL DEFAULT current_timestamp() ON UPDATE current_timestamp(),
  `id_rol` int(11) NOT NULL
) ENGINE=InnoDB DEFAULT CHARSET=utf8mb4 COLLATE=utf8mb4_general_ci;

--
-- Volcado de datos para la tabla `users`
--

INSERT INTO `users` (`id`, `usuario`, `nombre_completo`, `correo`, `telefono`, `password`, `fecha`, `id_rol`) VALUES
(1, 'gabriel', '', 'gdelacalle@gmail.com', '3513457045', '$2y$05$jk8NrQZe/CK5NkdwbR2PseOPnL9nkGLjMOdvb/JSvBsMifIpKYyQy', '2023-09-04 16:50:01', 1),
(9, 'administrador', '', 'gdelacalle@gmail.com', '03513457045', '$2y$05$lL9VP/cnGtLR36et9hVGMOmNkI9wna9ikFxTWqTZifi4YBjWT0DRq', '2023-08-03 14:12:43', 1),
(13, 'gustavo', '', 'gustavo@vega.com', '35724563214', '$2y$05$3/14Y8hBoArNXLSYq5IsludJ7p7XVR5.PxUDxT89UK2H7z8nUpNfG', '2023-09-04 17:00:38', 2),
(17, 'hector', '', 'hector@estructurasvega.com ', '351', '$2y$05$C2JGdsXCr02Wo/V4endWDuzvMa8cPfLQqLaBJ1RPXfOGbO1RPJ1LS', '2023-09-04 16:48:16', 3),
(18, 'regina', '', 'regina@estructurasvega.com.ar ', '2', '$2y$05$T6p3uRx8lFcGM6VIRhyx7OGcGITTAs84TdEO4hULlZxL7RL1WcJcS', '2023-09-04 16:48:38', 2);

-- --------------------------------------------------------

--
-- Estructura de tabla para la tabla `ventas`
--

CREATE TABLE `ventas` (
  `id` int(11) NOT NULL,
  `total` float NOT NULL,
  `usuario` varchar(50) NOT NULL,
  `id_cliente` int(11) NOT NULL,
  `pago` float NOT NULL,
  `cambio` float NOT NULL,
  `fecha` date NOT NULL
) ENGINE=InnoDB DEFAULT CHARSET=utf8mb4 COLLATE=utf8mb4_general_ci;

--
-- Índices para tablas volcadas
--

--
-- Indices de la tabla `categorias`
--
ALTER TABLE `categorias`
  ADD PRIMARY KEY (`id`);

--
-- Indices de la tabla `clientes`
--
ALTER TABLE `clientes`
  ADD PRIMARY KEY (`id`);

--
-- Indices de la tabla `codbarra`
--
ALTER TABLE `codbarra`
  ADD PRIMARY KEY (`id`);

--
-- Indices de la tabla `compras_mp`
--
ALTER TABLE `compras_mp`
  ADD PRIMARY KEY (`cmp_id`);

--
-- Indices de la tabla `detalle_obra`
--
ALTER TABLE `detalle_obra`
  ADD PRIMARY KEY (`id`);

--
-- Indices de la tabla `entregas`
--
ALTER TABLE `entregas`
  ADD PRIMARY KEY (`id`);

--
-- Indices de la tabla `equivalencias`
--
ALTER TABLE `equivalencias`
  ADD PRIMARY KEY (`id`);

--
-- Indices de la tabla `inventario`
--
ALTER TABLE `inventario`
  ADD PRIMARY KEY (`id`);

--
-- Indices de la tabla `items`
--
ALTER TABLE `items`
  ADD PRIMARY KEY (`id`);

--
-- Indices de la tabla `materias_primas`
--
ALTER TABLE `materias_primas`
  ADD PRIMARY KEY (`id`);

--
-- Indices de la tabla `obras`
--
ALTER TABLE `obras`
  ADD PRIMARY KEY (`id`);

--
-- Indices de la tabla `permisos`
--
ALTER TABLE `permisos`
  ADD PRIMARY KEY (`id`);

--
-- Indices de la tabla `presupuesto`
--
ALTER TABLE `presupuesto`
  ADD PRIMARY KEY (`id`);

--
-- Indices de la tabla `presupuestotemporal`
--
ALTER TABLE `presupuestotemporal`
  ADD PRIMARY KEY (`id`);

--
-- Indices de la tabla `productos_vendidos`
--
ALTER TABLE `productos_vendidos`
  ADD PRIMARY KEY (`id`);

--
-- Indices de la tabla `proveedores`
--
ALTER TABLE `proveedores`
  ADD PRIMARY KEY (`id`);

--
-- Indices de la tabla `remitosclientes`
--
ALTER TABLE `remitosclientes`
  ADD PRIMARY KEY (`id`);

--
-- Indices de la tabla `remitosclientestmp`
--
ALTER TABLE `remitosclientestmp`
  ADD PRIMARY KEY (`id`);

--
-- Indices de la tabla `remitosobra`
--
ALTER TABLE `remitosobra`
  ADD PRIMARY KEY (`id`),
  ADD KEY `id_obra` (`id_obra`),
  ADD KEY `producto` (`producto`);

--
-- Indices de la tabla `remitostmp`
--
ALTER TABLE `remitostmp`
  ADD PRIMARY KEY (`id`),
  ADD KEY `id_obra` (`id_obra`),
  ADD KEY `producto` (`producto`);

--
-- Indices de la tabla `rol`
--
ALTER TABLE `rol`
  ADD PRIMARY KEY (`id`);

--
-- Indices de la tabla `seccion`
--
ALTER TABLE `seccion`
  ADD PRIMARY KEY (`id`);

--
-- Indices de la tabla `users`
--
ALTER TABLE `users`
  ADD PRIMARY KEY (`id`),
  ADD KEY `users-rol` (`id_rol`);

--
-- Indices de la tabla `ventas`
--
ALTER TABLE `ventas`
  ADD PRIMARY KEY (`id`);

--
-- AUTO_INCREMENT de las tablas volcadas
--

--
-- AUTO_INCREMENT de la tabla `categorias`
--
ALTER TABLE `categorias`
  MODIFY `id` int(11) NOT NULL AUTO_INCREMENT, AUTO_INCREMENT=58;

--
-- AUTO_INCREMENT de la tabla `clientes`
--
ALTER TABLE `clientes`
  MODIFY `id` int(11) NOT NULL AUTO_INCREMENT, AUTO_INCREMENT=102;

--
-- AUTO_INCREMENT de la tabla `codbarra`
--
ALTER TABLE `codbarra`
  MODIFY `id` int(11) NOT NULL AUTO_INCREMENT, AUTO_INCREMENT=25;

--
-- AUTO_INCREMENT de la tabla `compras_mp`
--
ALTER TABLE `compras_mp`
  MODIFY `cmp_id` int(11) NOT NULL AUTO_INCREMENT;

--
-- AUTO_INCREMENT de la tabla `detalle_obra`
--
ALTER TABLE `detalle_obra`
  MODIFY `id` int(10) NOT NULL AUTO_INCREMENT, AUTO_INCREMENT=7;

--
-- AUTO_INCREMENT de la tabla `entregas`
--
ALTER TABLE `entregas`
  MODIFY `id` int(10) NOT NULL AUTO_INCREMENT;

--
-- AUTO_INCREMENT de la tabla `equivalencias`
--
ALTER TABLE `equivalencias`
  MODIFY `id` int(11) NOT NULL AUTO_INCREMENT, AUTO_INCREMENT=154;

--
-- AUTO_INCREMENT de la tabla `inventario`
--
ALTER TABLE `inventario`
  MODIFY `id` int(11) NOT NULL AUTO_INCREMENT, AUTO_INCREMENT=793;

--
-- AUTO_INCREMENT de la tabla `items`
--
ALTER TABLE `items`
  MODIFY `id` int(11) NOT NULL AUTO_INCREMENT, AUTO_INCREMENT=7;

--
-- AUTO_INCREMENT de la tabla `materias_primas`
--
ALTER TABLE `materias_primas`
  MODIFY `id` int(11) NOT NULL AUTO_INCREMENT, AUTO_INCREMENT=619;

--
-- AUTO_INCREMENT de la tabla `obras`
--
ALTER TABLE `obras`
  MODIFY `id` int(11) NOT NULL AUTO_INCREMENT, AUTO_INCREMENT=107;

--
-- AUTO_INCREMENT de la tabla `permisos`
--
ALTER TABLE `permisos`
  MODIFY `id` int(11) NOT NULL AUTO_INCREMENT, AUTO_INCREMENT=3;

--
-- AUTO_INCREMENT de la tabla `presupuesto`
--
ALTER TABLE `presupuesto`
  MODIFY `id` int(10) NOT NULL AUTO_INCREMENT, AUTO_INCREMENT=1245;

--
-- AUTO_INCREMENT de la tabla `presupuestotemporal`
--
ALTER TABLE `presupuestotemporal`
  MODIFY `id` int(10) NOT NULL AUTO_INCREMENT, AUTO_INCREMENT=1245;

--
-- AUTO_INCREMENT de la tabla `productos_vendidos`
--
ALTER TABLE `productos_vendidos`
  MODIFY `id` int(11) NOT NULL AUTO_INCREMENT, AUTO_INCREMENT=201;

--
-- AUTO_INCREMENT de la tabla `proveedores`
--
ALTER TABLE `proveedores`
  MODIFY `id` int(11) NOT NULL AUTO_INCREMENT, AUTO_INCREMENT=14;

--
-- AUTO_INCREMENT de la tabla `remitosclientes`
--
ALTER TABLE `remitosclientes`
  MODIFY `id` int(11) NOT NULL AUTO_INCREMENT, AUTO_INCREMENT=1217;

--
-- AUTO_INCREMENT de la tabla `remitosclientestmp`
--
ALTER TABLE `remitosclientestmp`
  MODIFY `id` int(11) NOT NULL AUTO_INCREMENT, AUTO_INCREMENT=1217;

--
-- AUTO_INCREMENT de la tabla `remitosobra`
--
ALTER TABLE `remitosobra`
  MODIFY `id` int(11) NOT NULL AUTO_INCREMENT, AUTO_INCREMENT=326;

--
-- AUTO_INCREMENT de la tabla `remitostmp`
--
ALTER TABLE `remitostmp`
  MODIFY `id` int(11) NOT NULL AUTO_INCREMENT, AUTO_INCREMENT=361;

--
-- AUTO_INCREMENT de la tabla `seccion`
--
ALTER TABLE `seccion`
  MODIFY `id` int(10) NOT NULL AUTO_INCREMENT, AUTO_INCREMENT=20;

--
-- AUTO_INCREMENT de la tabla `users`
--
ALTER TABLE `users`
  MODIFY `id` int(11) NOT NULL AUTO_INCREMENT, AUTO_INCREMENT=19;

--
-- AUTO_INCREMENT de la tabla `ventas`
--
ALTER TABLE `ventas`
  MODIFY `id` int(11) NOT NULL AUTO_INCREMENT, AUTO_INCREMENT=122;

--
-- Restricciones para tablas volcadas
--

--
-- Filtros para la tabla `remitosobra`
--
ALTER TABLE `remitosobra`
  ADD CONSTRAINT `remitosobra_ibfk_1` FOREIGN KEY (`id_obra`) REFERENCES `obras` (`id`) ON DELETE CASCADE ON UPDATE CASCADE,
  ADD CONSTRAINT `remitosobra_ibfk_2` FOREIGN KEY (`producto`) REFERENCES `inventario` (`id`) ON DELETE CASCADE ON UPDATE CASCADE;

--
-- Filtros para la tabla `remitostmp`
--
ALTER TABLE `remitostmp`
  ADD CONSTRAINT `remitostmp_ibfk_1` FOREIGN KEY (`id_obra`) REFERENCES `obras` (`id`) ON DELETE CASCADE ON UPDATE CASCADE,
  ADD CONSTRAINT `remitostmp_ibfk_2` FOREIGN KEY (`producto`) REFERENCES `inventario` (`id`) ON DELETE CASCADE ON UPDATE CASCADE;

--
-- Filtros para la tabla `users`
--
ALTER TABLE `users`
  ADD CONSTRAINT `users-rol` FOREIGN KEY (`id_rol`) REFERENCES `rol` (`id`) ON DELETE CASCADE ON UPDATE CASCADE;
COMMIT;

/*!40101 SET CHARACTER_SET_CLIENT=@OLD_CHARACTER_SET_CLIENT */;
/*!40101 SET CHARACTER_SET_RESULTS=@OLD_CHARACTER_SET_RESULTS */;
/*!40101 SET COLLATION_CONNECTION=@OLD_COLLATION_CONNECTION */;
